Hit	POS	Lemma
1	CARD	1
2	CARD	2
2	CARD	2
3	CARD	3
3	CARD	3
5	CARD	5
8	CARD	8
50	CARD	50
,kranken	NN	krank
.	$.	.
.	$.	.
.	$.	.
.	$.	.
.	$.	.
.	$.	.
.	$.	.
.	$.	.
.	$.	.
.	$.	.
.	$.	.
...	$.	...
'	$(	'
'	$(	'
'	$(	'
'	$(	'
'	$(	'
'	$(	'
/Liebe	NN	lieb
100-m-Kraul	NN	DISCARD
20jährige	ADJA	n-jährig
24jährige	ADJA	n-jährig
26jährigen	ADJA	n-jährig
27jährigen	ADJA	n-jährig
27jähriger	ADJA	n-jährig
28jährige	ADJA	n-jährig
30jährige	ADJA	n-jährig
30jährigen	ADJA	n-jährig
30jähriger	ADJA	n-jährig
31jährige	ADJA	n-jährig
32jährigen	ADJA	n-jährig
34jährige	ADJA	n-jährig
35jährigen	ADJA	n-jährig
38jährigen	ADJA	n-jährig
40jährige	ADJA	n-jährig
40jähriger	ADJA	n-jährig
50-m-Brust	NN	DISCARD
50-m-Kraul	NN	DISCARD
50jährige	ADJA	n-jährig
50jährigen	ADJA	n-jährig
52jährige	ADJA	n-jährig
56jähriger	ADJA	n-jährig
58jährige	ADJA	n-jährig
59jährige	ADJA	n-jährig
61jähriger	ADJA	n-jährig
70jährige	ADJA	n-jährig
70jährigen	ADJA	n-jährig
72jährige	ADJA	n-jährig
72jährigen	ADJA	n-jährig
72jährigen	ADJA	n-jährig
76jähriger	ADJA	n-jährig
85jährige	ADJA	n-jährig
abendländischen	ADJA	abendländisch
abergläubischen	ADJA	abergläubisch
Abg.	NN	DISCARD
abgebildeten	ADJA	abgebildet
abgebrauchten	ADJA	abgebraucht
abgeführte	ADJA	abgeführt
abgehetzten	ADJA	abgehetzt
abgehetzten	ADJA	abgehetzt
abgerissene	ADJA	abgerissen
abgestorbene	ADJA	abgestorben
abgewandten	ADJA	abgewandt
abhängige	ADJA	abhängig
abhängigen	ADJA	abhängig
abstinenter	NN	abstinent
abwägenden	ADJA	abwägend
abweisenden	ADJA	abweisend
abwesenden	ADJA	abwesend
achtbare	ADJA	achtbar
achte	ADJA	acht
achtenswerter	ADJA	achtenswert
achtzigjährige	ADJA	n-jährig
achtzigjähriger	ADJA	n-jährig
ächzenden	ADJA	ächzend
Ackerknechts	NN	DISCARD
adelige	ADJA	adelig
adeliger	ADJA	adelig
adlige	ADJA	adlig
adligen	ADJA	adlig
adorierende	ADJA	adorierend
afrikanische	ADJA	afrikanisch
afrikanischer	ADJA	afrikanisch
agoraphobischen	ADJA	agoraphobisch
ägyptische	ADJA	ägyptisch
ähnlichen	ADJA	ähnlich
ähnlicher	ADJA	ähnlich
ahnungslose	ADJA	ahnungslos
ahnungslosen	ADJA	ahnungslos
aktive	ADJA	aktiv
aktiven	ADJA	aktiv
alberne	ADJA	albern
alkoholkranker	ADJA	alkoholkrank
alleingehende	ADJA	alleingehend
alleinlebenden	ADJA	alleinlebend
alleinreisende	ADJA	alleinreisend
alleinschuldigen	ADJA	alleinschuldig
alleinstehende	ADJA	alleinstehend
alleinstehende	ADJA	alleinstehend
alleinstehenden	ADJA	alleinstehend
Aller	NE	DISCARD
allerkritischsten	ADJA	kritisch
allerreichsten	ADJA	reich
allerschönsten	ADJA	schön
allgemeinen	ADJA	allgemein
allmächtige	ADJA	allmächtig
alte	ADJA	alt
alte	ADJA	alt
Alte	ADJA	alt
alte	ADJA	alt
Alte	ADJA	alt
ALTE	NN	alt
alteingesessenen	ADJA	alteingesessen
altem	ADJA	alt
alten	ADJA	alt
alten	ADJA	alt
alter	ADJA	alt
alter	ADJA	alt
ältere	ADJA	alt
ältere	ADJA	alt
Ältere	ADJA	älter
älteren	ADJA	alt
älteren	ADJA	alt
älterer	ADJA	alt
alternde	ADJA	alternd
alternde	ADJA	alternd
alternden	ADJA	alternd
alternden	ADJA	alternd
alternder	ADJA	alternd
älteste	ADJA	alt
älteste	ADJA	alt
ältesten	ADJA	alt
altgewordene	ADJA	altgeworden
altgewordener	ADJA	altgewordener
ältliche	ADJA	ältlich
ältliche	ADJA	ältlich
ältlichen	ADJA	ältlich
ältlicher	ADJA	ältlich
altröm	ADJA	altrömisch
alttestamentlichen	ADJA	alttestamentlich
amerikanische	ADJA	amerikanisch
amerikanischen	ADJA	amerikanisch
anästhetische	ADJA	anästhetisch
andächtigen	ADJA	andächtig
andere	PIAT	andere
Andere	PIAT	andere
Andere	PIAT	andere
andere	PIS	andere
anderen	PIS	andere
anderen	PIS	andere
anderer	PIAT	andere
anderer	PIAT	andere
andern	PIAT	andere
andern	PIAT	andere
andre	PIAT	andere
angebetete	ADJA	angebetet
angeblichen	ADJA	angeblich
angegrauten	ADJA	angegraut
angeheiratete	ADJA	angeheiratet
angehende	ADJA	angehend
angehörende	ADJA	angehörend
angehörenden	ADJA	angehörend
angehörender	ADJA	angehörender
angeklagte	ADJA	angeklagt
angeklagten	ADJA	angeklagt
angelsächsische	ADJA	angelsächsisch
angenehmen	ADJA	angenehm
angenehmsten	ADJA	angenehm
angesehene	ADJA	angesehen
angesehenen	ADJA	angesehen
angesehener	ADJA	angesehen
angesehensten	ADJA	angesehen
angesiedelter	ADJA	angesiedelt
angestellte	ADJA	angestellt
angestrengter	ADJA	angestrengt
angetraute	ADJA	angetraut
angetraute	ADJA	angetraut
angetrauten	ADJA	angetraut
angezogene	ADJA	angezogen
angezogene	ADJA	angezogen
angezogenen	ADJA	angezogen
angezogenen	ADJA	angezogen
angezogener	ADJA	angezogen
ängstliche	ADJA	ängstlich
Ängstliche	NN	ängstlich
anhänglichen	ADJA	anhänglich
anmutige	ADJA	anmutig
anmutigen	ADJA	anmutig
anrüchige	ADJA	anrüchig
anspruchslosen	ADJA	anspruchslos
anständige	ADJA	anständig
anständige	ADJA	anständig
anständigen	ADJA	anständig
anständigen	ADJA	anständig
anständiger	ADJA	anständig
anteilnehmenden	ADJA	anteilnehmend
anwesende	ADJA	anwesend
anwesenden	ADJA	anwesend
anwesenden	ADJA	anwesend
anziehenden	ADJA	anziehend
anzuschauenden	ADJA	anzuschauend
anzutreffende	ADJA	anzutreffend
Apokalyptischen	NN	Apokalyptische
apoplektische	ADJA	apoplektisch
arbeitende	ADJA	arbeitend
arbeitende	ADJA	arbeitend
arbeitenden	ADJA	arbeitend
arbeitenden	ADJA	arbeitend
Arbeitenden	NN	Arbeitende
arbeitnassen	ADJA	arbeitnass
arbeitsame	ADJA	arbeitsam
arbeitsamer	ADJA	arbeitsam
arbeitsfähigen	ADJA	arbeitsfähig
arbeitsfähigen	ADJA	arbeitsfähig
arbeitslose	ADJA	arbeitslos
arbeitslosen	ADJA	arbeitslos
arbeitslosen	ADJA	arbeitslos
arbeitsmüde	ADJA	arbeitsmüde
arbeitsunfähigen	ADJA	arbeitsunfähig
arbeitswilligen	ADJA	arbeitswillig
arglistigen	ADJA	arglistig
arische	ADJA	arisch
arische	ADJA	arisch
arischen	ADJA	arisch
arischen	ADJA	arisch
arme	ADJA	arm
arme	ADJA	arm
armen	ADJA	arm
armen	ADJA	arm
armenische	ADJA	armenisch
armenische	ADJA	armenisch
armenischen	ADJA	armenisch
armenischer	ADJA	armenisch
armer	ADJA	arm
armer	ADJA	arm
Armer	ADJA	arm
ärmlicher	ADJA	ärmlich
armseligen	ADJA	armselig
ärmste	ADJA	arm
ärmsten	ADJA	arm
asketischen	ADJA	asketisch
atmender	ADJA	atmend
attischen	ADJA	attisch
attraktive	ADJA	attraktiv
attraktiver	ADJA	attraktiv
attraktivste	ADJA	attraktiv
aufgedonnerten	ADJA	aufgedonnert
aufgeführten	ADJA	aufgeführt
aufgehende	ADJA	aufgehend
aufgeklärte	ADJA	aufgeklärt
aufgeklärter	ADJA	aufgeklärt
aufgeregte	ADJA	aufgeregt
aufgeregten	ADJA	aufgeregt
aufgeregten	ADJA	aufgeregt
aufgeregter	ADJA	aufgeregt
aufgerührten	ADJA	aufgerührt
aufgeschlossene	ADJA	aufgeschlossen
aufgestiegenen	ADJA	aufgestiegen
aufgetretene	ADJA	aufgetreten
aufgetußte	ADJA	aufgetusst
aufmerksamer	ADJA	aufmerksam
aufopfernde	ADJA	aufopfernd
aufopferungsfähigen	ADJA	aufopferungsfähig
aufopferungsfähiger	ADJA	aufopferungsfähig
aufrechte	ADJA	aufrecht
aufrechten	ADJA	aufrecht
aufrechter	ADJA	aufrecht
aufrichtigen	ADJA	aufrichtig
auftauchenden	ADJA	auftauchend
auftauchender	ADJA	auftauchend
auftretenden	ADJA	auftretend
aufwartenden	ADJA	aufwartend
ausersehene	ADJA	ausersehen
auserwählten	ADJA	auserwählt
ausfragenden	ADJA	ausfragend
ausgebildete	ADJA	ausgebildet
ausgemergelte	ADJA	ausgemergelt
ausgemergelte	ADJA	ausgemergelt
ausgerüsteter	ADJA	ausgerüstet
ausgestatteter	ADJA	ausgestattet
ausgestoßenen	ADJA	ausgestoßen
ausgesuchten	ADJA	ausgesucht
ausgewachsene	ADJA	ausgewachst
ausgewachsener	ADJA	ausgewachst
ausgezehrten	ADJA	ausgezehrt
ausgezeichnete	ADJA	ausgezeichnet
ausgezeichnete	ADJA	ausgezeichnet
ausgezeichneten	ADJA	ausgezeichnet
ausgezeichneter	ADJA	ausgezeichnet
ausgezogene	ADJA	ausgezogen
auslaufenden	ADJA	auslaufend
ausschauende	ADJA	ausschauend
ausscheidenden	ADJA	ausscheidend
ausschlaggebenden	ADJA	ausschlaggebend
ausschreitender	ADJA	ausschreitend
aussehende	ADJA	aussehend
aussehende	ADJA	aussehend
aussehenden	ADJA	aussehend
aussehenden	ADJA	aussehend
aussehender	ADJA	aussehend
außergewöhnlichen	ADJA	außergewöhnlich
außergewöhnlicher	ADJA	außergewöhnlich
außerordentliche	ADJA	außerordentlich
außerordentlichen	ADJA	außerordentlich
außerordentlichen	ADJA	außerordentlich
außerordentlicher	ADJA	außerordentlich
aussichtsreichster	ADJA	aussichtsreich
autarke	ADJA	autark
autobauenden	ADJA	autobauend
autofahrenden	ADJA	autofahrend
badenden	ADJA	badend
balzenden	ADJA	balzend
bärenstarken	ADJA	bärenstark
barmherzigere	ADJA	barhmerzig
bärtige	ADJA	bärtig
bärtigen	ADJA	bärtig
bärtiger	ADJA	bärtig
bartlose	ADJA	bartlos
bartloser	ADJA	bartlos
bayrische	ADJA	bayrisch
bayrischen	ADJA	bayrisch
beauftragten	ADJA	beauftragt
bebende	ADJA	bebend
beberühmte	ADJA	berühmt
bedachte	ADJA	bedacht
bedachter	ADJA	bedacht
bedächtigen	ADJA	bedächtig
bedachtsamen	ADJA	bedachtsam
bedauernswerte	ADJA	bedauernswert
bedauernswerten	ADJA	bedauernswert
bedauernswerten	ADJA	bedauernswert
bedeutende	ADJA	bedeutend
bedeutende	ADJA	bedeutend
Bedeutende	NN	Bedeutende
bedeutenden	ADJA	bedeutend
bedeutenden	ADJA	bedeutend
bedeutendste	ADJA	bedeutend
bedeutendsten	ADJA	bedeutend
bedeutsamen	ADJA	bedeutsam
bedienende	ADJA	bedienend
bedienenden	ADJA	bedienend
bedrängte	ADJA	bedrängt
bedrohte	ADJA	bedroht
beerensuchende	ADJA	beerensuchend
befähigte	ADJA	befähigt
befähigten	ADJA	befähigt
befahrener	ADJA	befahrener
befallenen	ADJA	befallen
befindlichen	ADJA	befindlich
befreundeten	ADJA	befreundet
befreundeten	ADJA	befreundet
begabte	ADJA	begabt
begabte	ADJA	begabt
begabten	ADJA	begabt
begabten	ADJA	begabt
begabter	ADJA	begabt
begabtesten	ADJA	begabt
begehrenswerte	ADJA	begehrenswert
begehrte	ADJA	begehrt
begehrteste	ADJA	begehrt
begeisterte	ADJA	begeistert
begeisterte	ADJA	begeistert
Begeisterte	NN	Begeisterte
begleitende	ADJA	begleitend
begnadete	ADJA	begnadet
begriffenen	ADJA	begriffen
begriffsstutzigen	ADJA	begriffsstutzig
behäbige	ADJA	behäbig
behäbigen	ADJA	behäbig
behaglicher	ADJA	behaglich
behandelnden	ADJA	behandelnd
behangene	ADJA	behangen
behenden	ADJA	behend
beherrschenden	ADJA	beherrschend
beherrschte	ADJA	beherrscht
beherrschte	ADJA	beherrscht
beherzte	ADJA	beherzt
beherzter	ADJA	beherzt
behütenden	ADJA	behütend
behutsamer	ADJA	behutsam
beigesetzten	ADJA	beigesetzt
bejahrte	ADJA	bejahrt
bejahrter	ADJA	bejahrt
bekannte	ADJA	bekannt
bekannte	ADJA	bekannt
bekannten	ADJA	bekannt
bekannten	ADJA	bekannt
beklagenswerten	ADJA	beklagenswert
Beklagenswerter	ADJA	beklagenswert
bekleidender	ADJA	bekleidet
bekleideter	ADJA	bekleideter
belastete	ADJA	belastet
belästigte	ADJA	belästigt
beleibte	ADJA	beleibt
beleibten	ADJA	beleibt
beleibter	ADJA	beleibt
belesener	ADJA	belesen
beleumdeter	ADJA	beleumdet
beliebteste	ADJA	beliebt
bemerkenswerten	ADJA	bemerkenswert
benehmender	ADJA	benehmend
beobachtenden	ADJA	beobachtend
Berechtigte	NN	Berechtigte
beredte	ADJA	beredt
bereiter	ADJA	bereit
bergerfahrene	ADJA	bergerfahren
berittenen	ADJA	bereitet
Berliner	ADJA	Berliner
Berliner	ADJA	Berliner
berüchtigte	ADJA	berüchtigt
berufene	ADJA	berufen
Berufene	NN	Berufene
berufenen	ADJA	berufen
berufenen	ADJA	berufen
berufstätige	ADJA	berufstätig
berufstätigen	ADJA	berufstätig
berufstätigen	ADJA	berufstätig
berufstätiger	ADJA	berufstätig
beruhigte	ADJA	beruhigt
berühmte	ADJA	berühmt
BERÜHMTE	ADJA	berühmt
berühmte	ADJA	berühmt
berühmten	ADJA	berühmt
berühmten	ADJA	berühmt
berühmter	ADJA	berühmt
berühmter	ADJA	berühmt
berühmteste	ADJA	berühmt
berühmtesten	ADJA	berühmt
beschäftigten	ADJA	beschäftigt
beschäftigten	ADJA	beschäftigt
bescheidene	ADJA	bescheiden
bescheidene	ADJA	bescheiden
bescheidener	ADJA	bescheiden
bescheidensten	ADJA	bescheiden
bescheuerte	ADJA	bescheuert
beschränkte	ADJA	beschränkt
beschriebenen	ADJA	beschrieben
beschwerten	ADJA	beschwert
beschwichtigte	ADJA	beschwichtigt
besessenen	ADJA	besessen
besetzte	ADJA	besetzt
besitzenden	ADJA	besitzend
besitzenden	ADJA	besitzend
besonderen	ADJA	besonder
besonnenen	ADJA	besonnen
besonnener	ADJA	besonnener
besorgte	ADJA	besorgt
besorgten	ADJA	besorgt
bessere	ADJA	gut
besseren	ADJA	gut
besserer	ADJA	gut
bestangezogene	ADJA	bestangezogen
beste	ADJA	gut
beste	ADJA	gut
besten	ADJA	gut
besten	ADJA	gut
Bester	ADJA	gut
bestgehaßte	ADJA	bestgehaßt
bestimmende	ADJA	bestimmend
bestimmte	ADJA	bestimmt
bestimmten	ADJA	bestimmt
bestimmter	ADJA	bestimmt
bestrafter	ADJA	bestrafter
betagte	ADJA	betagt
beteiligte	ADJA	beteiligt
beteiligten	ADJA	beteiligt
betr.	APPR	betr.
betraute	ADJA	betraut
betreffende	ADJA	betreffend
betreffende	ADJA	betreffend
betreffenden	ADJA	betreffend
betreffenden	ADJA	betreffend
betreuenden	ADJA	betreuend
betriebsamen	ADJA	betriebsam
betriebstätige	ADJA	betriebstätig
betroffenen	ADJA	betroffen
betroffener	ADJA	betroffen
betrogene	ADJA	betrogen
betrunkene	ADJA	betrunken
betrunkene	ADJA	betrunken
betrunkenen	ADJA	betrunken
betrunkener	ADJA	betrunkener
bettelhafte	ADJA	bettelhaft
bettelnde	ADJA	bettelnd
betuliche	ADJA	betulich
bewaffnete	ADJA	bewaffnet
bewaffnete	ADJA	bewaffnet
bewaffneten	ADJA	bewaffnet
bewaffneter	ADJA	bewaffnet
bewahrenden	ADJA	bewahrend
bewährte	ADJA	bewährt
bewährten	ADJA	bewährt
bewährten	ADJA	bewährt
bewährter	ADJA	bewährt
bewanderte	ADJA	bewandert
bewegenden	ADJA	bewegend
bewegliche	ADJA	beweglich
beweglichen	ADJA	beweglich
beweglicher	ADJA	beweglich
bewegte	ADJA	bewegt
bewegten	ADJA	bewegt
bewirtenden	ADJA	bewirtend
bewundernswerten	ADJA	bewundernswert
bewußtlosen	ADJA	bewusstlos
bezahlter	ADJA	bezahlt
bezaubernde	ADJA	bezaubernd
bezaubernden	ADJA	bezaubernd
bezauberndste	ADJA	bezaubernd
biblischen	ADJA	biblisch
biederen	ADJA	bieder
biederer	ADJA	bieder
bierernsten	ADJA	bierernst
bigotten	ADJA	bigott
Bild	NN	DISCARD
bildhübsche	ADJA	bildhübsch
bildschöne	ADJA	bildschön
bildungsbedürftiger	ADJA	bildungsbedürftig
billigen	ADJA	billig
blasse	ADJA	blass
blasse	ADJA	blass
Blasse	NN	Blasse
blassen	ADJA	blass
blassen	ADJA	blass
blasser	ADJA	blass
bläßlichen	ADJA	blässlich
bleiche	ADJA	bleich
bleichen	ADJA	bleich
bleichen	ADJA	bleich
bleicher	ADJA	bleich
bleichsüchtige	ADJA	bleichsüchtig
blickende	ADJA	blickend
blickenden	ADJA	blickend
blinde	ADJA	blind
blinden	ADJA	blind
blöden	ADJA	blöd
blondbärtigen	ADJA	blondbärtig
blonde	ADJA	blond
Blonde	NN	Blonde
blonden	ADJA	blond
blonden	ADJA	blond
blonder	ADJA	blond
blondhaarige	ADJA	blondhaarig
blühenden	ADJA	blühend
Blutarme	NN	Blutarme
blutenden	ADJA	blutend
blutjunge	ADJA	blutjung
blutleeren	ADJA	blutleer
Bonner	ADJA	Bonner
bornierte	ADJA	borniert
böse	ADJA	böse
bösen	ADJA	böse
böser	ADJA	böse
boshafte	ADJA	boshaft
brauchbaren	ADJA	brauchbar
braune	ADJA	braun
braune	ADJA	braun
braunen	ADJA	braun
braunen	ADJA	braun
brauner	ADJA	braun
brave	ADJA	brav
brave	ADJA	brav
braven	ADJA	brav
braven	ADJA	brav
braver	ADJA	brav
bravste	ADJA	brav
breitbrüstigen	ADJA	breitbrüstig
breiter	ADJA	breit
breitgefestigte	ADJA	breitgefestigt
breitschultrige	ADJA	breitschultrig
breitschultrigen	ADJA	breitschultrig
breitschultriger	ADJA	breitschultrig
brillanteste	ADJA	brillant
brillenscheue	ADJA	brillenscheu
brilletragende	ADJA	brillentragend
britischen	ADJA	britisch
britischen	ADJA	britisch
britischer	ADJA	britisch
Brotschneidende	NN	brotschneidend
brummigen	ADJA	brummig
brünette	ADJA	brünett
brünette	ADJA	brünett
brustkranke	ADJA	brustkrank
brutalsten	ADJA	brutal
buckligen	ADJA	bucklig
buckliger	ADJA	bucklig
Budapester	NN	dichtend
bügelnden	ADJA	bügelnd
bulgarischen	ADJA	bulgarisch
bunte	ADJA	bunt
bürgerliche	ADJA	bürgerlich
bürgerliche	ADJA	bürgerlich
bürgerlichen	ADJA	bürgerlich
burischen	ADJA	burisch
calvinistischer	NN	calvinistisch
charaktervolle	ADJA	charaktervoll
charaktervollen	ADJA	charaktervoll
charmante	ADJA	charmant
charmanten	ADJA	charmant
chinesische	ADJA	chinesisch
chinesische	ADJA	chinesisch
chinesischen	ADJA	chinesisch
chinesischer	ADJA	chinesisch
christlich-sozialen	ADJA	christlich-sozial
christliche	ADJA	christlich
christlichen	ADJA	christlich
christlichsten	ADJA	christlich
clownsgeschminkte	ADJA	clownsgeschminkt
comportabler	ADJA	comportabel
coole	ADJA	cool
coolen	ADJA	cool
correcten	NN	korrekt
couragierten	ADJA	couragiert
couragierten	ADJA	couragiert
D.s	NE	DISCARD
dabeistehenden	ADJA	dabeistehend
dahinschreitenden	ADJA	dahinschreitend
dalmatischen	ADJA	dalmatisch
damaligen	ADJA	damalig
dämonischen	ADJA	dämonisch
dämonischen	ADJA	dämonisch
dankbaren	ADJA	dankbar
dargestellten	ADJA	dargestellt
dazugehörige	ADJA	dazugehörig
dazugehörige	ADJA	dazugehörig
debattierender	ADJA	debattierend
degenerierteste	ADJA	degeneriert
dekadente	ADJA	dekadent
dekolletierte	ADJA	dekolletiert
Delnitzkys	NN	DISCARD
demeterhafte	ADJA	demeterhaft
demokratischen	ADJA	demokratisch
demselben	PDS	derselbe
denkende	ADJA	denkend
denkende	ADJA	denkend
denkenden	ADJA	denkend
denkenden	ADJA	denkend
denkender	ADJA	denkend
derartiger	ADJA	derartig
derbschultrige	ADJA	derbschultrig
deutschbewußten	ADJA	deutschbewusst
deutschblütigen	ADJA	deutschblütig
deutsche	ADJA	deutsch
Deutsche	ADJA	deutsch
deutsche	ADJA	deutsch
Deutsche	ADJA	deutsch
DEUTSCHE	NN	deutsch
deutschen	ADJA	deutsch
deutschen	ADJA	deutsch
Deutschen	NN	deutsch
deutscher	ADJA	deutsch
deutscher	ADJA	deutsch
Deutscher	NN	deutsch
deutschstämmigen	ADJA	deutschstämmig
Dez.	NN	Dez.
dichtende	ADJA	dichtend
dichtenden	ADJA	dichtend
dickbärtiger	ADJA	dickbärtig
dickbäuchige	ADJA	dickbäuchig
dicke	ADJA	dick
dicke	ADJA	dick
dicken	ADJA	dick
dicken	ADJA	dick
dicker	ADJA	dick
Dicker	NN	Dicke
dickere	ADJA	dick
dickliche	ADJA	dicklich
dickste	ADJA	dick
dicksten	ADJA	dick
dienende	ADJA	dienend
dienenden	ADJA	dienend
dienenden	ADJA	dienend
dieselbe	PDAT	derselbe
dikkkkkkkkkkker	NN	dick
diktierenden	ADJA	diktierend
dionysischen	ADJA	dionysisch
diplomatische	ADJA	diplomatisch
distinguierte	ADJA	distinguiert
distinguierten	ADJA	distinguiert
Div.	ADJA	DISCARD
dortigen	ADJA	dortig
douteusen	NN	DISCARD
drahtige	ADJA	drahtig
dralle	ADJA	drall
Drei	NN	DISCARD
dreier	ADJA	dreier
dreinblickende	ADJA	dreinblickend
dreinschauende	ADJA	dreinschauend
dreißigjährige	ADJA	n-jährig
dreißigjährigen	ADJA	n-jährig
dringende	ADJA	dringend
dritte	ADJA	dritt
dritte	ADJA	dritt
Dritte	NN	Dritte
drittem	ADJA	dritt
dritten	ADJA	dritt
dritten	ADJA	dritt
dritter	ADJA	dritt
dröhnende	ADJA	dröhnend
drolliger	ADJA	drollig
dubiosen	ADJA	dubios
duldenden	ADJA	duldend
dumme	ADJA	dumm
dumme	ADJA	dumm
dümmsten	ADJA	dumm
dunkeläugige	ADJA	dunkeläugig
dunkeläugigen	ADJA	dunkeläugig
dunkelblonde	ADJA	dunkelblond
dunkle	ADJA	dunkel
Dunklen	NN	dunkel
dünne	ADJA	dünn
dünne	ADJA	dünn
durchdrungene	ADJA	durchdrungen
Durchlauchtigsten	NN	durchlautigst
durchmachenden	ADJA	durchmachend
dürre	ADJA	dürr
dürren	ADJA	dürr
durstigen	ADJA	durstig
düsteren	ADJA	düster
Eahna	NE	DISCARD
echte	ADJA	echt
echte	ADJA	echt
echten	ADJA	echt
echter	ADJA	echt
edel	ADJD	edel
edeln	ADJA	edel
edle	ADJA	edel
edle	ADJA	edel
edlen	ADJA	edel
edlen	ADJA	edel
edler	ADJA	edel
edler	ADJD	edel
eene	ADJA	DISCARD
ehebrecherische	ADJA	ehebrecherisch
ehelichen	ADJA	ehelich
ehemaligen	ADJA	ehemalig
ehrbare	ADJA	ehrbar
ehrbaren	ADJA	ehrbar
ehrbarer	ADJA	ehrbar
ehrenhafte	ADJA	ehrenhaft
ehrenhafte	ADJA	ehrenhaft
ehrenhafter	ADJA	ehrenhaft
ehrenhaftesten	ADJA	ehrenhaft
ehrenwerter	ADJA	ehrenwert
ehrgeizige	ADJA	ehrgeizig
ehrgeizigen	ADJA	ehrgeizig
ehrgeizigen	ADJA	ehrgeizig
ehrliche	ADJA	ehrlich
ehrliche	ADJA	ehrlich
ehrlichen	ADJA	ehrlich
ehrsame	ADJA	ehrsam
ehrwürdiger	ADJA	ehrwürdig
Eichhörnchenartiger	NN	eichhörnchenartig
eifersüchtigen	ADJA	eifersüchtig
eifersüchtigen	ADJA	eifersüchtig
eifrige	ADJA	eifrig
eigenartigen	ADJA	eigenartig
eigene	ADJA	eigen
eigene	ADJA	eigen
eigenen	ADJA	eigen
eigenen	ADJA	eigen
eigener	ADJA	eigen
eigentümliche	ADJA	eigentümlich
eigentümlichsten	ADJA	eigentümlich
eigne	ADJA	eigen
eilende	ADJA	eilend
eiligen	ADJA	eilig
einarmige	ADJA	einarmig
einfache	ADJA	einfach
einfache	ADJA	einfach
einfachen	ADJA	einfach
einfachen	ADJA	einfach
einfacher	ADJA	einfach
einfachste	ADJA	einfach
einfachsten	ADJA	einfach
einfältiger	ADJA	einfältig
einflußreiche	ADJA	einflussreich
einflussreichen	ADJA	einflussreich
einflußreichen	ADJA	einflussreich
einflußreicher	ADJA	einflussreich
einflußreichsten	ADJA	einflussreich
eingeborene	ADJA	eingeboren
eingeborenen	ADJA	eingeboren
eingesetzten	ADJA	eingesetzt
eingestellte	ADJA	eingestellt
eingetragene	ADJA	eingetragen
eingetroffenen	ADJA	eingetroffen
einheimische	ADJA	einheimisch
einheimischen	ADJA	einheimisch
einsame	ADJA	einsam
einsame	ADJA	einsam
einsamen	ADJA	einsam
einsamer	ADJA	einsam
Einsamer	NN	einsam
einsatzfähigen	ADJA	einsatzfähig
einsichtige	ADJA	einsichtig
einsichtigen	ADJA	einsichtig
einsichtiger	ADJA	einsichtig
einsichtsvolle	ADJA	einsichtsvoll
einsichtsvollen	ADJA	einsichtsvoll
einsichtsvoller	NN	einsichtsvoll
einstige	ADJA	einstig
eintretende	ADJA	eintretend
eintretenden	ADJA	eintretend
einundzwanzigjährige	ADJA	n-jährig
einzelne	ADJA	einzeln
einzelne	ADJA	einzeln
einzelnen	ADJA	einzeln
einzelnen	ADJA	einzeln
einzelner	ADJA	einzeln
einzelner	ADJA	einzeln
Einzelstehende	NN	einzelstehend
einziehenden	ADJA	einziehend
einzigartige	ADJA	einzigartig
einzige	ADJA	einzig
einzige	ADJA	einzig
einzigen	ADJA	einzig
einzigen	ADJA	einzig
einziger	ADJA	einzig
eisengepanzerten	ADJA	eisengepanzert
eisernen	ADJA	eisern
eisigen	ADJA	eisig
eitle	ADJA	eitel
eitlen	ADJA	eitel
ekstatischen	ADJA	ekstatisch
elegante	ADJA	elegant
elegante	ADJA	elegant
eleganten	ADJA	elegant
eleganten	ADJA	elegant
eleganter	ADJA	elegant
eleganteren	ADJA	elegant
elegantesten	ADJA	elegant
elender	ADJA	elend
eloquenter	ADJA	eloquent
emannzipierte	ADJA	emanzipiert
emanzipierte	ADJA	emanzipiert
emanzipierten	ADJA	emanzipiert
emanzipierter	ADJA	emanzipiert
empfänglichen	ADJA	empfänglich
empfindende	ADJA	empfindend
empfindende	ADJA	empfindend
empfindenden	ADJA	empfindend
empfindender	ADJA	empfindend
empfindlicher	ADJA	empfindlich
emporgekommenen	ADJA	emporgekommen
empörten	ADJA	empört
emsiger	ADJA	emsig
energische	ADJA	energisch
englische	ADJA	englisch
englischen	ADJA	englisch
englischen	ADJA	englisch
englischer	ADJA	englisch
engstirnige	ADJA	engstirnig
entführter	ADJA	entführt
entgegengesetzte	ADJA	entgegengesetzt
entgegensehenden	ADJA	entgegensehend
enthaltsamen	ADJA	enthaltsam
entkleidender	ADJA	entkleidend
entsagungsvollen	ADJA	entsagungsvoll
entscheidende	ADJA	entscheidend
entschlossene	ADJA	entschlossen
entschlossene	ADJA	entschlossen
entschlossenen	ADJA	entschlossen
entschlossener	ADJA	entschlossen
entselbsteten	ADJA	entselbstet
entsetzliche	ADJA	entsetzlich
entsprechende	ADJA	entsprechend
entstandene	ADJA	entstanden
entstellte	ADJA	entstellt
enttäuschte	ADJA	enttäuscht
enttäuschte	ADJA	enttäuscht
enttäuschten	ADJA	enttäuscht
enttäuschter	ADJA	enttäuscht
entwickelnden	ADJA	entwickelnd
entzückende	ADJA	entzückend
entzückenden	ADJA	entzückend
entzückter	ADJA	entzückt
erbitterte	ADJA	erbittert
erektionsfähigen	ADJA	erektionsfähig
erfahrene	ADJA	erfahren
erfahrene	ADJA	erfahren
erfahrenen	ADJA	erfahren
erfahrener	ADJA	erfahrener
erfahreneren	ADJA	erfahren
erfolglose	ADJA	erfolglos
ERFOLGLOSE	NN	erfolglos
erfolgreiche	ADJA	erfolgreich
erfolgreiche	ADJA	erfolgreich
erfolgreichen	ADJA	erfolgreich
erfolgreichste	ADJA	erfolgreich
erfolgreichsten	ADJA	erfolgreich
erfreulicher	ADJD	erfreulich
erfüllter	ADJA	erfüllt
ergebene	ADJA	ergeben
ergebenen	ADJA	ergeben
ergraute	ADJA	ergraut
ergrauter	ADJA	ergraut
ergriffenen	ADJA	ergriffen
erhabene	ADJA	erhaben
erhabenen	ADJA	erhaben
erkalteten	ADJA	erkaltet
erkennende	ADJA	erkennend
erklärenden	ADJA	erklärend
erlauchte	ADJA	erlaucht
erledigter	ADJA	erledigt
ermordete	ADJA	ermordet
ermordeten	ADJA	ermordet
ernste	ADJA	ernst
ernsten	ADJA	ernst
ernster	ADJA	ernst
ernsthafte	ADJA	ernsthaft
ernststrebenden	ADJA	ernststrebend
eröffnete	ADJA	eröffnet
erprobte	ADJA	erprobt
erregte	ADJA	erregt
erreichbaren	ADJA	erreichbar
erscheinende	ADJA	erscheinend
erscheinenden	ADJA	erscheinend
erschienene	ADJA	erschienen
erschöpfte	ADJA	erschöpft
erschrockenen	ADJA	erschreckt
erschte	ADJA	erst
erstaunliche	ADJA	erstaunlich
erstaunlicher	ADJD	erstaunlich
erstaunten	ADJA	erstaunt
erstaunten	ADJA	erstaunt
erste	ADJA	erst
Erste	ADJA	erst
erste	ADJA	erst
erstechende	ADJA	erstechend
ersten	ADJA	erst
ersten	ADJA	erst
ERSTEN	NN	Erste
erster	ADJA	erst
erster	ADJA	erst
erstklassigen	ADJA	erstklassig
ertrunkene	ADJA	ertrunken
erwachsene	ADJA	erwachsen
erwachsene	ADJA	erwachsen
erwachsenen	ADJA	erwachsen
erwachsenen	ADJA	erwachsen
erwachsener	ADJA	erwachsen
erwähnte	ADJA	erwähnt
erwähnten	ADJA	erwähnt
erwartete	ADJA	erwartet
erwerbende	ADJA	erwerbend
erwerbenden	ADJA	erwerbend
erwerbstätigen	ADJA	erwerbstätig
erwerbstätiger	ADJA	erwerbstätig
erzählte	ADJA	erzählt
erzogener	ADJA	erzogener
essende	ADJA	essend
essender	ADJA	essend
estnischer	ADJA	estnisch
europäische	ADJA	europäisch
europäischen	ADJA	europäisch
evangelisch-treuer	ADJA	evangelisch-treu
evangelische	ADJA	evangelisch
evangelischen	ADJA	evangelisch
extravertierten	ADJA	extrovertiert
fabelhafte	ADJA	fabelhaft
fabelhafter	ADJA	fabelhaft
fachkundiger	ADJA	fachkundig
fähige	ADJA	fähig
fähiger	ADJA	fähig
fähigste	ADJA	fähig
fahrenden	ADJA	fahrend
fallende	ADJA	fallend
falsch-mondänen	ADJA	falsch-mondän
falschen	ADJA	FALSE
familiärer	ADJA	familiär
famose	ADJA	famos
fanatische	ADJA	fanatisch
fanatischen	ADJA	fanatisch
Farbenblinde	ADJA	farbenblind
Färbers	NN	Färber
farbigen	ADJA	farbig
farbigen	ADJA	farbig
farblose	ADJA	farblos
farblosen	ADJA	farblos
farbsichtige	ADJA	farbsichtig
faszinierende	ADJA	faszinierend
fauler	ADJA	faul
fechtenden	ADJA	fechtend
feine	ADJA	fein
feine	ADJA	fein
feinen	ADJA	fein
feinen	ADJA	fein
feiner	ADJA	fein
feiner	ADJA	fein
feinfühlende	ADJA	feinfühlend
feinfühlige	ADJA	feinfühlig
feinfühligen	ADJA	feinfühlig
feingebildete	ADJA	feingebildet
feister	ADJA	feist
felddienstfähiger	ADJA	felddienstfähig
fertige	ADJA	fertig
fesche	ADJA	fesch
feschen	ADJA	fesch
fescher	ADJA	fesch
fesselnde	ADJA	fesselnd
fette	ADJA	fett
fette	ADJA	fett
feurige	ADJA	feurig
feurigen	ADJA	feurig
fiebzigjährige	ADJA	n-jährig
fiern	NN	DISCARD
findige	ADJA	findig
fleischige	ADJA	fleischig
fleischigen	ADJA	fleischig
fleißige	ADJA	fleißig
fleißigen	ADJA	fleißig
fleißiger	ADJA	fleißig
flotte	ADJA	flott
fluchenden	ADJA	fluchend
flüchtenden	ADJA	flüchtend
folgende	ADJA	folgend
folgsamen	ADJA	folgsam
forscher	ADJA	forsch
fortgehenden	ADJA	fortgehend
fortschleppenden	ADJA	fortschleppend
fragende	ADJA	fragend
fragenden	ADJA	fragend
Frankfurter	ADJA	Frankfurter
französisch-sprechende	ADJA	französischsprechend
französische	ADJA	französisch
französischen	ADJA	französisch
französischen	ADJA	französisch
französlichen	ADJA	französlich
frauenlosen	ADJA	frauenlos
freche	ADJA	frech
freidenkende	ADJA	freidenkend
freie	ADJA	frei
freie	ADJA	frei
freien	ADJA	frei
freien	ADJA	frei
freier	ADJA	frei
freiere	ADJA	frei
freiheitsliebenden	ADJA	freiheitsliebend
freisinnigen	ADJA	freisinnig
freisinniger	ADJA	freisinnig
fremdbürtigen	ADJA	fremdbürtig
fremde	ADJA	fremd
fremde	ADJA	fremd
fremden	ADJA	fremd
fremden	ADJA	fremd
fremder	ADJA	fremd
freundliche	ADJA	freundlich
freundlichen	ADJA	freundlich
freundlicher	ADJA	freundlich
friedfertiger	ADJA	friedfertig
friedlicher	ADJA	friedlich
friedliebenden	ADJA	friedliebend
frischen	ADJA	frisch
frischgebackene	ADJA	frischgebacken
frohe	ADJA	froh
fröhliche	ADJA	fröhlich
fröhlicher	ADJA	fröhlich
fromme	ADJA	fromm
fromme	ADJA	fromm
frommen	ADJA	fromm
frommen	ADJA	fromm
frommer	ADJA	fromm
früheren	ADJA	früh
früheren	ADJA	früh
früherer	ADJA	früh
frumm	ADJA	fromm
frustrierten	ADJA	frustriert
fügsame	ADJA	fügsam
fühlende	ADJA	fühlend
führende	ADJA	führend
Führende	NN	Führende
führenden	ADJA	führend
füllige	ADJA	füllig
fünfte	ADJA	fünft
fünfunddreißigjährigen	ADJA	n-jährig
fünfzigjährige	ADJA	n-jährig
fünfzigjährigen	ADJA	n-jährig
furchtbaren	ADJA	furchtbar
furchtsame	ADJA	furchtsam
fürstlichen	ADJA	fürstlich
fürstlicher	ADJA	fürstlich
fürstlicher	ADJA	fürstlich
galanter	ADJA	galant
ganze	ADJA	ganz
ganze	ADJA	ganz
ganzen	ADJA	ganz
ganzer	ADJA	ganz
ganzheitlichharmonische	ADJA	ganzheitlich-harmonisch
garstigen	ADJA	garstig
geachtete	ADJA	geachtet
geachteten	ADJA	geachtet
geachtetsten	ADJA	geachtet
gealterte	ADJA	gealtert
gealterter	ADJA	gealtert
geängstigten	ADJA	geängstigt
gearteten	ADJA	geartet
gebannten	ADJA	gebannt
gebärenden	ADJA	gebärend
gebaute	ADJA	gebaut
gebauten	ADJA	gebaut
gebauter	ADJD	gebaut
gebeugte	ADJA	gebeugt
gebeugten	ADJA	gebeugt
gebeugter	ADJA	gebeugt
gebildete	ADJA	gebildet
gebildete	ADJA	gebildet
gebildeten	ADJA	gebildet
gebildeten	ADJA	gebildet
gebildeter	ADJA	gebildet
gebliebene	ADJA	geblieben
geborene	ADJA	geboren
geborenen	ADJA	geboren
gebrachten	ADJA	gebracht
gebräunte	ADJA	gebräunt
gebräunten	ADJA	gebräunt
gebrechlichen	ADJA	gebrechlich
gebrochene	ADJA	gebrochen
gebrochenen	ADJA	gebrochen
gebrochener	ADJA	gebrochen
gebückter	ADJA	gebückt
gebürtigen	ADJA	gebürtig
gebürtiger	ADJA	gebürtig
gedienten	ADJA	gedient
gedruckten	ADJA	gedruckt
gedrückten	ADJA	gedrückt
gedrungene	ADJA	gedrungen
gedrungener	ADJA	gedrungen
geduldige	ADJA	geduldig
geduldiger	ADJA	geduldig
geehrte	ADJA	geehrt
Geehrte	ADJA	geehrt
geehrten	ADJA	geehrt
geeignete	ADJA	geeignet
geeignete	ADJA	geeignet
geeigneten	ADJA	geeignet
geeigneteren	ADJA	geeignet
gefährliche	ADJA	gefährlich
gefallenen	ADJA	gefallen
gefälligen	ADJA	gefällig
gefangenen	ADJA	gefangen
gefangenen	ADJA	gefangen
gefeierten	ADJA	gefeiert
geflüchteten	ADJA	geflüchtet
geflügelten	ADJA	geflügelt
geformten	ADJA	geformt
gefügigeren	ADJA	gefügig
gefühlvolle	ADJA	gefühlvoll
gefundenen	ADJA	gefunden
gefürchtete	ADJA	gefürchtet
gefürchteten	ADJA	gefürchtet
gegebene	ADJA	gegeben
gegenwärtige	ADJA	gegenwärtig
geglaubte	ADJA	geglaubt
gehärteten	ADJA	gehärtet
gehaßt-geliebten	ADJA	gehasst-geliebt
gehaßten	ADJA	gehaßt
geheimnisvollen	ADJA	geheimnisvoll
gehende	ADJA	gehend
gehenden	ADJA	gehend
gehenden	ADJA	gehend
gehender	ADJA	gehend
gehörige	ADJA	gehörig
gehörnter	ADJA	gehörnt
gehorsame	ADJA	gehorsam
gehüllte	ADJA	gehüllt
gehüllten	ADJA	gehüllt
geiernäsige	ADJA	geiernäsig
geistesgestörter	ADJA	geistesgestört
geisteskranker	ADJA	geisteskrank
geistesüberlegenen	ADJA	geistesüberlegen
geistige	ADJA	geistig
geistigen	ADJA	geistig
geistreiche	ADJA	geistreich
geistreiche	ADJA	geistreich
geistreichen	ADJA	geistreich
geistreichen	ADJA	geistreich
geistreicher	ADJA	geistreich
geistsprühende	ADJA	geistsprühend
geistvolle	ADJA	geistvoll
geistvollen	ADJA	geistvoll
geistvolleren	ADJA	geistvoll
geistvollste	ADJA	geistvoll
geizige	ADJA	geizig
geiziger	ADJA	geizig
gekaufte	ADJA	gekauft
gekleidete	ADJA	gekleidet
gekleidete	ADJA	gekleidet
gekleideten	ADJA	gekleidet
gekleideten	ADJA	gekleidet
gekleideter	ADJA	gekleidet
geknechtete	ADJA	geknechtet
gekreuzigten	ADJA	gekreuzigt
gekrönten	ADJA	gekrönt
geladene	ADJA	geladen
gelähmten	ADJA	gelähmt
gelangweilter	ADJA	gelangweilt
gelassene	ADJA	gelassen
gelassenen	ADJA	gelassen
gelbe	ADJA	gelb
gelbliche	ADJA	gelblich
gelehrte	ADJA	gelehrt
gelehrten	ADJA	gelehrt
gelehrten	ADJA	gelehrt
gelehrter	ADJA	gelehrt
gelehrtesten	ADJA	gelehrt
geliebte	ADJA	geliebt
geliebte	ADJA	geliebt
Geliebte	NN	geliebt
geliebten	ADJA	geliebt
geliebten	ADJA	geliebt
geliebter	ADJA	geliebt
gelieferter	ADJA	geliefert
geltenden	ADJA	geltend
geltenden	ADJA	geltend
gemachte	ADJA	gemacht
gemachten	ADJA	gemacht
gemachter	ADJA	gemacht
gemarterte	ADJA	gemartert
gemarterten	ADJA	gemartert
gemäßigte	ADJA	gemäßigt
gemeine	ADJA	gemein
gemeine	ADJA	gemein
gemeinen	ADJA	gemein
gemeinte	ADJA	gemeint
gemiedene	ADJA	gemieden
gemütlicher	ADJA	gemütlich
genannte	ADJA	genannt
genannten	ADJA	genannt
geneigten	ADJA	geneigt
geniale	ADJA	genial
geniale	ADJA	genial
genialen	ADJA	genial
genialen	ADJA	genial
genialer	ADJA	genial
genommene	ADJA	genommen
genommenen	ADJA	genommen
genossene	ADJA	genossen
genügsamen	ADJA	genügsam
gepackter	ADJA	gepackter
gepeitschten	ADJA	gepeitscht
gepflegte	ADJA	gepflegt
gepflegte	ADJA	gepflegt
gepflegten	ADJA	gepflegt
gepflegten	ADJA	gepflegt
geplagten	ADJA	geplagt
geplagten	ADJA	geplagt
geprägte	ADJA	geprägt
gequälte	ADJA	gequält
geratenen	ADJA	geraten
gerechte	ADJA	gerecht
gerechte	ADJA	gerecht
gereifte	ADJA	gereift
gereifte	ADJA	gereift
gereiften	ADJA	gereift
gereiften	ADJA	gereift
gereifter	ADJA	gereift
geretteten	ADJA	gerettet
geretteten	ADJA	gerettet
gerichteter	ADJA	gerichtet
geringen	ADJA	gering
gerissene	ADJA	gerissen
germanische	ADJA	germanisch
germanischen	ADJA	germanisch
gerüsteten	ADJA	gerüstet
geschädigte	ADJA	geschädigt
Geschädigte	NN	geschädigt
geschäftigen	ADJA	geschäftig
geschäftserfahrene	ADJA	geschäftserfahren
geschäftstüchtige	ADJA	geschäftstüchtig
gescheite	ADJA	gescheit
gescheite	ADJA	gescheit
gescheiten	ADJA	gescheit
gescheiter	ADJA	gescheit
gescheiter	ADJA	gescheit
geschichtemachender	ADJA	geschichtemachend
geschickte	ADJA	geschickt
geschickte	ADJA	geschickt
geschickten	ADJA	geschickt
geschickter	ADJA	geschickt
geschiedene	ADJA	geschieden
Geschiedene	NN	geschieden
geschiedenen	ADJA	geschieden
geschiedenen	ADJA	geschieden
geschiedener	ADJA	geschiedener
geschilderte	ADJA	geschildert
geschlagenen	ADJA	geschlagen
geschlagener	ADJA	geschlagen
geschlechtsfunktionierenden	ADJA	geschlechtsfunktionierend
geschlechtskranken	NN	geschlehtskrank
geschlechtsreifen	ADJA	geschlechtsreif
geschminkte	ADJA	geschminkt
geschminkteste	ADJA	geschminkt
geschmückten	ADJA	geschmückt
geschniegelten	ADJA	geschniegelt
geschonte	ADJA	geschont
geschulte	ADJA	geschult
geschulten	ADJA	geschult
geschützten	ADJA	geschützt
geschwächte	ADJA	geschwächt
geschwängerte	ADJA	geschwängert
geschwätzigen	ADJA	geschwätzig
gesegneter	ADJA	gesegnet
gesehene	ADJA	gesehen
gesellige	ADJA	gesellig
gesetzten	ADJA	gesetzt
gesetzter	ADJA	gesetzt
gesicherter	ADJA	gesichert
gesicherter	ADJA	gesichert
gesprächsfeindlicher	ADJA	gesprächsfeindlich
gestandener	ADJA	gestanden
gestellten	ADJA	gestellt
gestellter	ADJA	gestellt
gestorbene	ADJA	gestorben
gestorbener	ADJA	gestorbener
gestreifte	ADJA	gestreift
gestrengen	ADJA	gestreng
gestützte	ADJA	gestützt
gesuchten	ADJA	gesucht
gesunde	ADJA	gesund
gesunde	ADJA	gesund
gesunden	ADJA	gesund
gesunden	ADJA	gesund
gesunder	ADJA	gesund
gesunder	ADJA	gesund
gesündesten	ADJA	gesund
getadelte	ADJA	getadelt
getäuschten	ADJA	getäuscht
getöteten	ADJA	getötet
getöteten	ADJA	getötet
getrenntlebende	ADJA	getrenntlebend
getriebene	ADJA	getrieben
getroffenen	ADJA	getroffen
gewachsene	ADJA	gewachst
gewachsene	ADJA	gewachst
gewachsener	ADJA	gewachst
gewählte	ADJA	gewählt
gewählten	ADJA	gewählt
gewählten	ADJA	gewählt
gewaltigen	ADJA	gewaltig
gewalttätigen	ADJA	gewalttätig
gewalttätiger	ADJA	gewalttätig
gewandten	ADJA	gewandt
gewesene	ADJA	gewesen
gewickelte	ADJA	gewickelt
gewiegter	ADJA	gewiegt
gewisse	ADJA	gewiss
gewisse	ADJA	gewiss
gewissenhaften	ADJA	gewissenhaft
gewissenhafter	ADJA	gewissenhaft
gewissenlosen	ADJA	gewissenlos
gewöhnliche	ADJA	gewöhnlich
gewöhnlichen	ADJA	gewöhnlich
gewöhnlichen	ADJA	gewöhnlich
gewöhnlicher	ADJA	gewöhnlich
gewordene	ADJA	geworden
gewordenen	ADJA	worden
gewordenen	ADJA	worden
gewürdigter	ADJA	gewürdigt
gezeichnete	ADJA	gezeichnet
giebt	ADJA	DISCARD
gläsernen	ADJA	gläsern
glattrasierter	ADJA	glattrasiert
glatzköpfiger	ADJA	glatzköpfig
glaubensstarke	ADJA	glaubensstark
gläubiger	ADJA	gläubig
glaubwürdige	ADJA	glaubwürdig
gleichaltrige	ADJA	gleichaltrig
gleiche	ADJA	gleich
gleichen	ADJA	gleich
gleichen	ADJA	gleich
gleichgesinnten	ADJA	gleichgesinnt
gleichwertigen	ADJA	gleichwertig
glückliche	ADJA	glücklich
glückliche	ADJA	glücklich
glücklichen	ADJA	glücklich
glücklicher	ADJA	glücklich
Glücklicher	NN	glücklich
glühender	ADJA	glühend
gmeinen	NN	gemein
gnä	ADJA	gnädig
gnä	ADJA	gnädig
gnädige	ADJA	gnädig
Gnädige	NN	gnädig
gnädigen	ADJA	gnädig
Gnädigen	NN	gnädig
gnädigste	ADJA	gnädig
Gnädigste	NN	gnädig
goldblonden	ADJA	goldblond
goldenen	ADJA	golden
goldhaarige	ADJA	goldhaarig
gottesfürchtiger	ADJA	gottesfürchtig
gottgegebener	ADJA	gottgeheben
göttlichen	ADJA	göttlich
göttlichen	ADJA	göttlich
grau-weißhaarigen	ADJA	grau-weißhaarig
graubärtiger	ADJA	graubärtig
graue	ADJA	grau
graue	ADJA	grau
grauhaarige	ADJA	grauhaarig
grauhaarige	ADJA	grauhaarig
grauhaarigen	ADJA	grauhaarig
grauhaariger	ADJA	grauhaarig
graustoppelige	ADJA	graustoppelig
greiser	ADJA	greis
griechische	ADJA	griechisch
griechischen	ADJA	griechisch
griechischer	ADJA	griechisch
großäugige	ADJA	großäugig
große	ADJA	groß
Große	ADJA	groß
große	ADJA	groß
Große	NN	groß
großen	ADJA	groß
großen	ADJA	groß
großer	ADJA	groß
Großer	NN	groß
größere	ADJA	groß
größte	ADJA	groß
größten	ADJA	groß
größten	ADJA	groß
großzahnigen	ADJA	großzahnig
großzügiger	ADJA	großzügig
gründliche	ADJA	gründlich
grundverschiedenen	ADJA	grundverschieden
grüne	ADJA	grün
grunzende	ADJA	grunzend
Gundulas	NE	DISCARD
gutangezogene	ADJA	gutangezogen
gutartigen	ADJA	gutartig
gutaussehende	ADJA	gutaussehend
gute	ADJA	gut
gute	ADJA	gut
guten	ADJA	gut
guten	ADJA	gut
gutentwickelten	ADJA	gutentwickelt
guter	ADJA	gut
guterzogenen	ADJA	guterzogen
gutgekleideten	ADJA	gutgekleidet
gutgekleideter	ADJA	gutgekleidet
gutgewachsenen	ADJA	gutgewachst
gutherzige	ADJA	gutherzig
gutherzigen	ADJA	gutherzig
gütige	ADJA	gütig
gütigen	ADJA	gütig
gütigen	ADJA	gütig
gütiger	ADJA	gütig
gutmütige	ADJA	gutmütig
gutmütiger	ADJA	gutmütig
gutmütiger	ADJA	gutmütig
habgierigen	ADJA	habgierig
habsburgischer	ADJA	habsburgisch
hagere	ADJA	hager
hagere	ADJA	hager
hageren	ADJA	hager
hageren	ADJA	hager
hagerer	ADJA	hager
halbe	ADJA	halb
halben	ADJA	halb
halbfarbige	ADJA	halbfarbig
halbfremden	ADJA	halbfremd
halbjüdischen	ADJA	halbjüdisch
halbnackten	ADJA	halbnackt
halbzerschossenen	ADJA	halbzerschossen
halslosen	ADJA	halslos
haltenden	ADJA	haltend
haltloser	ADJA	haltlos
handeltreibende	ADJA	handeltreibend
handfeste	ADJA	handfest
hängende	ADJA	hängend
harmloser	ADJA	harmlos
harrenden	ADJA	harrend
harte	ADJA	hart
harte	ADJA	hart
harten	ADJA	hart
harten	ADJA	hart
harter	ADJA	hart
härteren	ADJA	hart
hartgeprüfter	ADJA	hartgeprüft
hartnäckigsten	ADJA	hartnäckig
häßliche	ADJA	hässlich
häßliche	ADJA	hässlich
häßlichen	ADJA	hässlich
häßlichen	ADJA	hässlich
häßlichsten	ADJA	hässlich
haushälterische	ADJA	haushälterisch
haushälterischer	ADJA	haushälterisch
heidnische	ADJA	heidnisch
heilige	VVFIN	heilig
heiligen	ADJA	heilig
heiligen	ADJA	heilig
heimgekehrten	ADJA	heimgekehrt
heimkehrenden	ADJA	heimkehrend
heiratende	ADJA	heiratend
heiratsfähige	ADJA	heiratsfähig
heiserer	ADJA	heiser
heißgeliebte	ADJA	heißgeliebt
heißgeliebten	ADJA	heißgeliebt
heitere	ADJA	heiter
heldenhaften	ADJA	heldenhaft
heldenmütigen	ADJA	heldenmütig
heldischen	ADJA	heldisch
helläugiger	ADJA	helläugig
helle	ADJA	hell
hellhäutige	ADJA	hellhäutig
hellsehenden	ADJA	hellsehend
hemdärmeliger	ADJA	hemdsärmelig
hemdsärmelige	ADJA	hemdsärmelig
hemmungslose	ADJA	hemmungslos
herantretenden	ADJA	herantretend
herbeigeeilte	ADJA	herbeigeeilt
herbeigerufene	ADJA	herbeigerufen
herben	ADJA	herb
herlaufende	ADJA	herlaufend
herrische	ADJA	herrisch
herrischen	ADJA	herrisch
herrliche	ADJA	herrlich
herrlichen	ADJA	herrlich
herrlichen	ADJA	herrlich
herrlicher	ADJA	herrlich
herrlichsten	ADJA	herrlich
herrschende	ADJA	herrschend
herrschenden	ADJA	herrschend
herrschsüchtige	ADJA	herrschsüchtig
herrschsüchtigen	ADJA	herrschsüchtig
hervorragende	ADJA	hervorragend
hervorragenden	ADJA	hervorragend
hervorragender	ADJA	hervorragend
hervorragendsten	ADJA	hervorragend
herzensgute	ADJA	herzensgut
herzensguter	ADJA	herzensgut
herzkranker	ADJA	herzkrank
herzleidende	ADJA	herzleidend
Herzliebe	NN	herzlieb
Herzliebste	NN	herzlieb
herzlosen	ADJA	herzlos
heulenden	ADJA	heulend
heutigen	ADJA	heutig
hilflose	ADJA	hilflos
hilflose	ADJA	hilflos
hilflosen	ADJA	hilflos
hilfsbereite	ADJA	hilfsbereit
hilfsbereiter	ADJA	hilfsbereiter
himmlische	ADJA	himmlisch
himmlischen	ADJA	himmlisch
hingebende	ADJA	hingebend
hingebungsfähige	ADJA	hingebungsfähig
hingekegelten	ADJA	hingekegelt
hingemordeten	ADJA	hingemordet
hingerissenen	ADJA	hingerissen
hinkende	ADJA	hinkend
hinkenden	ADJA	hinkend
hinkender	ADJA	hinkend
hinterbliebenen	ADJA	hinterblieben
hinterbliebener	ADJA	hinterblieben
hochachtbare	ADJA	hochachtbar
hochangesehenen	ADJA	hochangesehen
hochbegabte	ADJA	hochbegabt
hochberühmter	ADJA	hochberühmt
hochbetagte	ADJA	hochbetagt
hochelegante	ADJA	hochelegant
hochfreisinniger	ADJA	hochfreisinnig
hochgeachteter	ADJA	hochgeachtet
hochgebildeten	ADJA	hochgebildet
hochgebildeter	ADJA	hochgebildet
hochgeborenen	ADJA	hochgeboren
hochgeehrte	ADJA	hochgeehrt
Hochgeehrte	NN	hochgeehrt
hochgeehrten	ADJA	hochgeehrt
hochgelehrte	ADJA	hochgelehrt
hochgestellten	ADJA	hochgestellt
hochgestellter	ADJA	hochgestellt
hochgewachsene	ADJA	hochgewachst
hochgewachsenen	ADJA	hochgewachst
hochgewachsener	ADJA	hochgewachst
hochherzige	ADJA	hochherzig
hochherzige	ADJA	hochherzig
hochherzigen	ADJA	hochherzig
hochkonservativen	ADJA	hochkonservativ
hochmögenden	ADJA	hochmögend
hochmütige	ADJA	hochmütig
hochschulgebildeten	ADJA	hochschulgebildet
hochschwangere	ADJA	hochschwangre
hochschwangeren	ADJA	hochschwangre
hochselige	ADJA	hochselig
hochseligen	ADJA	hochselig
hochsinnige	ADJA	hochsinnig
hochsinnigen	ADJA	hochsinnig
hochstehenden	ADJA	hochstehend
hochstehender	ADJA	hochstehend
hochtalentierten	ADJA	hochtalentiert
hochverdienten	ADJA	hochverdient
Hochverdienten	NN	hochverdient
hochverdienter	ADJA	hochverdient
hochverehrte	ADJA	hochverehrt
Hochverehrte	NN	hochverehrt
hochverehrten	VVFIN	hochverehrt
Hochwürdigste	NN	hochwürdig
hoffähigen	ADJA	hoffähig
hoffende	ADJA	hoffend
hoffenden	ADJA	hoffend
höfliche	ADJA	höflich
höfliche	ADJA	höflich
höflicher	ADJA	höflich
hohe	ADJA	hoch
hohen	ADJA	hoch
Hohen	NN	hoch
hoher	ADJA	hoch
höheren	ADJA	hoch
höherstehenden	ADJA	höherstehend
holde	ADJA	hold
holländische	ADJA	holländisch
holländischen	ADJA	holländisch
holzsammelnde	ADJA	holzsammelnd
homosexuellen	ADJA	homosexuell
Honeggers	NN	DISCARD
honetten	NN	honett
horchende	ADJA	horchend
horchenden	ADJA	horchend
Horraths	NN	DISCARD
hübsche	ADJA	hübsch
Hübsche	NN	hübsch
hübschen	ADJA	hübsch
hübschen	ADJA	hübsch
hübschere	ADJA	hübsch
humorvollen	ADJA	humorvoll
humorvoller	ADJA	humorvoll
humpelnde	ADJA	humpelnd
humpelnden	ADJA	humpelnd
hunderten	NN	DISCARD
hundertjährigen	ADJA	n-jährig
hungernden	ADJA	hungernd
hungrigen	ADJA	hungrig
hutloser	ADJA	hutlos
hysterische	ADJA	hysterisch
hysterischen	ADJA	hysterisch
hysterischer	ADJA	hysterisch
I.	NE	DISCARD
ichbefangene	ADJA	ichbefangen
ideale	ADJA	ideal
idealen	ADJA	ideal
idealer	ADJA	ideal
idealistischen	ADJA	idealistisch
illustren	ADJA	illuster
imponierender	ADJA	imponierend
indianischen	ADJA	indianisch
Indische	NN	indisch
inhaftierten	ADJA	inhaftiert
inländische	ADJA	inländisch
inniggeliebte	ADJA	inniggeliebt
innigstgeliebte	ADJA	inniggeliebt
intellektuelle	ADJA	intellektuell
intelligente	ADJA	intelligent
intelligente	ADJA	intelligent
intelligenten	ADJA	intelligent
interessante	ADJA	interessant
interessante	ADJA	interessant
interessanter	ADJA	interessant
interessanter	ADJA	interessant
interessanteste	ADJA	interessant
interessanteste	ADJA	interessant
interessantesten	ADJA	interessant
introvertierte	ADJA	introvertiert
introvertierte	ADJA	introvertiert
introvertierten	ADJA	introvertiert
introvertierten	ADJA	introvertiert
introvertierter	ADJA	introvertiert
iranische	ADJA	iranisch
irdische	ADJA	irdisch
irdischen	ADJA	irdisch
irdischen	ADJA	irdisch
irgendwelchen	PIAT	irgendwelche
irreligiöser	ADJA	irreligiös
irren	ADJA	irre
isolierter	ADJA	isolierter
italienische	ADJA	italienisch
italienische	ADJA	italienisch
italienischem	ADJA	italienisch
Jägermeisters	NN	DISCARD
jährige	ADJA	n-jährig
jammernden	ADJA	jammernd
japanische	ADJA	japanisch
japanischen	ADJA	japanisch
japanischen	ADJA	japanisch
jebillte	ADJA	gebildete
jedlicher	ADJA	DISCARD
jetzige	ADJA	jetzig
jetzige	ADJA	jetzig
jetzigen	ADJA	jetzig
jetziger	ADJA	jetzig
Jörys	NE	DISCARD
jüdische	ADJA	jüdisch
jüdische	ADJA	jüdisch
jüdischen	ADJA	jüdisch
jüdischen	ADJA	jüdisch
jüdischer	ADJA	jüdisch
jugendliche	ADJA	jugendlich
jugendlichen	ADJA	jugendlich
junge	ADJA	jung
junge	ADJA	jung
Junge	NN	jung
Junge	NN	jung
jungem	ADJA	jung
jungen	ADJA	jung
jungen	ADJA	jung
Jungen	NN	jung
junger	ADJA	jung
junger	ADJA	jung
Junger	NN	jung
jüngere	ADJA	jung
jüngere	ADJA	jung
jüngeren	ADJA	jung
jüngeren	ADJA	jung
jüngerer	ADJA	jung
jüngerer	ADJA	jung
jungverheiratete	ADJA	jungverheiratet
kaiserlichen	ADJA	kaiserlich
kalte	ADJA	kalt
Kalte	NN	kalt
kalter	ADJA	kalt
kälteste	ADJA	kalt
kämmende	ADJA	kämmend
kämpfende	ADJA	kämpfend
kämpfenden	ADJA	kämpfend
kämpfenden	ADJA	kämpfend
kämpfender	ADJA	kämpfend
kampferprobten	ADJA	kampferprobt
kapitalkräftigen	ADJA	kapitalkräftig
kastilischen	ADJA	kastilisch
kastrierten	VVFIN	kastriert
katholische	ADJA	katholisch
katholischen	ADJA	katholisch
katholischen	ADJA	katholisch
katholischer	ADJA	katholisch
katholischer	ADJA	katholisch
Katholischer	NN	katholisch
kauernde	ADJA	kauernd
käuflichen	ADJA	käuflich
keene	ADJA	DISCARD
keifenden	ADJA	keifend
Kerls	NN	DISCARD
kerngesunde	ADJA	kerngesund
kettenrauchende	ADJA	kettenrauchend
kinderlose	ADJA	kinderlos
Kinderlose	NN	kinderlos
kindlichen	ADJA	kindlich
kirchlich-liberaler	ADJA	kirchlich-liberal
klagende	ADJA	klagend
klagenden	ADJA	klagend
klägliche	ADJA	kläglich
klatschbedürftigen	ADJA	klatschbedürftig
klatschenden	ADJA	klatschend
kleener	ADJA	klein
kleinbürgerlicher	ADJA	kleinbürgerlicher
kleine	ADJA	klein
Kleine	ADJA	klein
kleine	ADJA	klein
Kleine	ADJA	klein
kleinen	ADJA	klein
kleinen	ADJA	klein
Kleinen	NN	klein
kleiner	ADJA	klein
Kleiner	NN	klein
kleinere	ADJA	klein
kleinsten	ADJA	klein
kluge	ADJA	klug
kluge	ADJA	klug
Kluge	NE	klug
klugen	ADJA	klug
klugen	ADJA	klug
kluger	ADJA	klug
klügste	ADJA	klug
klügsten	ADJA	klug
knicksende	ADJA	knicksend
knieenden	ADJA	kniend
knienden	ADJA	kniend
knochendürrer	ADJA	knochendürr
knöcherne	ADJA	knöchern
knochige	ADJA	knochig
knochige	ADJA	knochig
knorrig-knubbigen	ADJA	knorrig-knubbig
Kokette	NN	kokett
koketten	ADJA	kokett
kölmischer	ADJA	kölnisch
Kolporteuse	NN	DISCARD
Komische	NN	komisch
kommende	ADJA	kommend
kommenden	ADJA	kommend
kommenden	ADJA	kommend
kompetente	ADJA	kompetent
kompetenten	ADJA	kompetent
konfuse	ADJA	konfus
königliche	ADJA	königlich
königlichen	ADJA	königlich
königstreuen	ADJA	königstreu
konsequente	ADJA	konsequent
konservativen	ADJA	konservativ
kontaktfreudiger	ADJA	kontaktfreudiger
körperlichen	ADJA	körperlich
korpulente	ADJA	korpulent
Korpulente	NN	korpulent
korrekte	ADJA	korrekt
kostümierte	ADJA	kostümiert
kostümierten	ADJA	kostümiert
kräftige	ADJA	kräftig
kräftige	ADJA	kräftig
kräftigen	ADJA	kräftig
kräftigen	ADJA	kräftig
kräftiger	ADJA	kräftig
kräftigsten	ADJA	kräftig
kraftstrotzenden	ADJA	kraftstrotzend
kraftvoller	ADJA	kraftvoll
kranke	ADJA	krank
kranke	ADJA	krank
kranken	ADJA	krank
kranken	ADJA	krank
kranker	ADJA	krank
kränkliche	ADJA	kränklich
kränklichen	ADJA	kränklich
kränklicher	ADJA	kränklich
krebskranke	ADJA	krebskrank
krebskranken	ADJA	krebskrank
kriegerischen	ADJA	kriegerisch
Kriegsverwendungsfähige	NN	kriegsverwendungsfähig
kriegsverwendungsfähiger	ADJA	kriegsverwendungsfähig
kritischen	ADJA	kritisch
kroatischen	ADJA	kroatisch
kroatischen	ADJA	kroatisch
krummer	ADJA	krumm
kühle	ADJA	kühl
kühle	ADJA	kühl
kühlen	ADJA	kühl
kühne	ADJA	kühn
kühnen	ADJA	kühn
kühner	ADJA	kühn
kundigsten	ADJA	kundig
künftige	ADJA	künftig
künftigen	ADJA	künftig
künftigen	ADJA	künftig
künftiger	ADJA	künftig
kunstfertige	ADJA	kunstfertig
kunstsinniger	ADJA	kunstsinnig
kupfernen	ADJA	kupfern
kurzhaarige	ADJA	kurzhaarig
kurzhaariger	ADJA	kurzhaarig
kurzsichtige	ADJA	kurzsichtig
kuschitische	ADJA	kuschitisch
L's	NN	DISCARD
lachende	ADJA	lachend
lachenden	ADJA	lachend
lahme	ADJA	lahm
landlose	ADJA	landlos
langbekleidete	ADJA	langbekleidet
lange	ADJA	lang
lange	ADV	lange
langgewandete	ADJA	langgewandet
langweiligen	ADJA	langweilig
lästerlichen	ADJA	lästerlich
lästernden	ADJA	lästernd
Laufende	NN	laufend
launische	ADJA	launisch
launische	ADJA	launisch
lautenspielende	ADJA	lautenspielend
Lauter	ADJA	laut
lauteren	ADJA	laut
lautersten	ADJA	lauterste
lebende	ADJA	lebend
lebende	ADJA	lebend
lebenden	ADJA	lebend
lebenden	ADJA	lebend
lebender	ADJA	lebend
lebendige	ADJA	lebendig
lebendiger	ADJA	lebendig
lebenskluger	ADJA	lebensklug
lebenslustigen	ADJA	lebenslustig
lebhafte	ADJA	lebhaft
lebhaften	ADJA	lebhaft
ledige	ADJA	ledig
lediger	ADJA	ledig
legitime	ADJA	legitim
legitimen	ADJA	legitim
leibhaftige	ADJA	leibhaftig
Leibwache	NN	DISCARD
leidende	ADJA	leidend
leidenden	ADJA	leidend
leidenden	ADJA	leidend
leidender	ADJA	leidender
leidenschaftliche	ADJA	leidenschaftlich
leidenschaftlichen	ADJA	leidenschaftlich
leisen	ADJA	leise
leitende	ADJA	leitend
Leitende	NN	leitend
LEITENDE	NN	leitend
leitenden	ADJA	leitend
leitender	ADJA	leitender
Leos	NE	DISCARD
leprakranke	ADJA	leprakrank
lernenden	ADJA	lernend
lesbischen	ADJA	lesbisch
lesende	ADJA	lesend
lettischen	ADJA	lettisch
letzte	ADJA	letzt
letzte	ADJA	letzt
letzten	ADJA	letzt
letzten	ADJA	letzt
letzter	ADJA	letzt
Lias	NE	DISCARD
liberale	ADJA	liberal
liberalen	ADJA	liberal
lichthungernden	ADJA	lichthungernd
lichthungrigen	ADJA	lichthungrig
liebe	ADJA	lieb
Liebe	NN	lieb
liebeleere	ADJA	liebeleer
lieben	ADJA	lieb
lieben	ADJA	lieb
Lieben	NN	lieb
liebende	ADJA	liebend
liebenden	ADJA	liebend
liebender	ADJA	liebend
liebenswerte	ADJA	liebenswert
liebenswerten	ADJA	liebenswert
liebenswerten	ADJA	liebenswert
liebenswürdige	ADJA	liebenswürdig
liebenswürdigen	ADJA	liebenswürdig
liebenswürdiger	ADJA	liebenswürdig
lieber	ADJA	lieb
liebestolle	ADJA	liebestoll
liebkosten	ADJA	liebkost
liebliche	ADJA	lieblich
lieblichen	ADJA	lieblich
lieblichsten	ADJA	lieblich
liebste	ADJA	lieb
liebster	ADJA	lieb
liegende	ADJA	liegend
liegenden	ADJA	liegend
liegenden	ADJA	liegend
linke	ADJA	links
linken	ADJA	links
linker	ADJA	links
livrierte	ADJA	livriert
lockenbärtige	ADJA	lockenbärtig
loser	ADJA	los
loyale	ADJA	loyal
loyalen	ADJA	loyal
lüsternen	ADJA	lüstern
lüsternen	ADJA	lüstern
lustige	ADJA	lustig
lustige	ADJA	lustig
M'schen	NN	DISCARD
machthungrigen	ADJA	machthungrig
mächtige	ADJA	mächtig
mächtigen	ADJA	mächtig
mächtigen	ADJA	mächtig
mächtiger	ADJA	mächtig
mächtigste	ADJA	mächtig
mächtigsten	ADJA	mächtig
mächtigsten	ADJA	mächtig
magere	ADJA	mager
mageren	ADJA	mager
mageren	ADJA	mager
makellosen	ADJA	makellos
Mann/	NN	DISCARD
männerfreundliche	ADJA	männerfreundlich
männliche	ADJA	männlich
männlichen	ADJA	männlich
männlicher	ADJA	männlich
männlichste	ADJA	männlich
massgebenden	ADJA	maßgebend
maßgebenden	ADJA	maßgebend
maßgebender	ADJA	maßgebend
maßgeblichen	ADJA	maßgeblich
maßgeblichsten	ADJA	maßgeblich
mäßiggroße	ADJA	mäßiggroß
maßvollen	ADJA	maßvoll
materielle	ADJA	materiell
meistgefürchtete	ADJA	meistgefürchtet
meistgehaßten	ADJA	meistgehasst
meistgejagte	ADJA	meistgejagt
meistgeplagten	ADJA	meistgeplagt
meistverunglimpften	ADJA	meistverunglimpft
menschliche	ADJA	menschlich
menschlichen	ADJA	menschlich
menstruierender	ADJA	menstruierend
merkwürdige	ADJA	merkwürdig
merkwürdige	ADJA	merkwürdig
merkwürdigen	ADJA	merkwürdig
merkwürdigen	ADJA	merkwürdig
migränekranken	ADJA	migränekrank
mildesten	ADJA	mild
mildherzigen	ADJA	mildherzig
mildtätigen	ADJA	mildtätig
Mill.	NN	DISCARD
MILOSEVICs	NN	DISCARD
minderjährigen	ADJA	n-jährig
mißhandelte	ADJA	mißhandelt
mißhandelten	ADJA	mißhandelt
mißhandelter	ADJA	mißhandelt
mißlauniger	ADJA	misslaunig
mißtrauische	ADJA	misstrauisch
mitleidigen	ADJA	mitleidig
mittelalterlichen	ADJA	mittelalterlich
mittelgroßer	ADJA	mittelgroß
mittelkräftiger	ADJA	mittelkräftig
modebeflissenen	ADJA	modebeflissen
moderne	ADJA	modern
moderne	ADJA	modern
Moderne	NN	modern
modernen	ADJA	modern
modernen	ADJA	modern
modernste	ADJA	modern
modernster	ADJA	modern
möglichen	ADJA	möglich
mohammedänischen	ADJA	mohammedanisch
mollige	ADJA	mollig
mondaine	NN	mondän
mondänen	ADJA	mondän
mongolische	ADJA	mongolisch
monocletragende	ADJA	monokeltragend
montenegrinischen	ADJA	montenegrinisch
morosen	ADJA	moros
morsche	ADJA	morsch
motorisierten	ADJA	motorisiert
müde	ADJA	müde
müde	ADJD	müde
Müdegearbeitete	ADJA	müdegearbeitet
müden	ADJA	müde
müden	ADJA	müde
müder	ADJA	müde
müder	ADJA	müde
Münchner	ADJA	Münchner
muntere	ADJA	munter
mürrische	ADJA	mürrisch
mürrischen	ADJA	mürrisch
muselmännischen	ADJA	muselmännisch
Musikalische	NN	musikalisch
musikalischen	ADJA	musikalisch
muskulösen	ADJA	muskulös
muslimische	ADJA	muslimisch
mutige	ADJA	mutig
mutige	ADJA	mutig
mutigen	ADJA	mutig
mutiger	ADJA	mutig
mütterliche	ADJA	mütterlich
mütterlichen	ADJA	mütterlich
mystische	ADJA	mystisch
nachfolgenden	ADJA	nachfolgend
nachmalige	ADJA	nachmalig
nachspringende	ADJA	nachspringend
nächste	ADJA	nah
nächste	ADJA	nah
nächsten	ADJA	nah
nackte	ADJA	nackt
nackte	ADJA	nackt
nackten	ADJA	nackt
nackten	ADJA	nackt
nackter	ADJA	nackt
nackter	ADJA	nackt
nähernden	ADJA	nähernd
naive	ADJA	naiv
naive	ADJA	naiv
naiver	ADJA	naiv
namenloser	ADJA	namenlos
nämlichen	ADJA	nämlich
Närrischer	NN	närrisch
näselnde	ADJA	näselnd
nasser	ADJA	nass
nationale	ADJA	national
nationalen	ADJA	national
nationalen	ADJA	national
nationaler	ADJA	national
nationalliberaler	ADJA	nationalliberaler
nationalsozialistischen	ADJA	nationalsozialistisch
natürliche	ADJA	natürlich
natürlichen	ADJA	natürlich
nebenhereilende	ADJA	nebenhereilend
Neckers	NE	DISCARD
neigenden	ADJA	neigend
nervenüberreizte	ADJA	nervenüberreizt
nervösen	ADJA	nervös
nervösen	ADJA	nervös
nette	ADJA	nett
netter	ADJA	nett
neuangekommene	ADJA	neuangekommen
neue	ADJA	neu
neue	ADJA	neu
neuen	ADJA	neu
Neuen	ADJA	neu
neuen	ADJA	neu
neuer	ADJA	neu
neugewählten	ADJA	neugewählt
neugierige	ADJA	neugierig
neugierigen	ADJA	neugierig
neugieriger	ADJA	neugierig
neunzehnjährige	ADJA	n-jährig
neutestamentlichen	ADJA	neutestamentlich
nichtjüdische	ADJA	nichtjüdisch
nichtkatholischen	ADJA	nichtkatholisch
nichtsahnende	ADJA	nichtsahnend
nichtschwangeren	ADJA	nichtschwanger
nichtswürdige	ADJA	nichtswürdig
niederen	ADJA	nieder
niedergehaltenen	ADJA	niedergehalten
niedliche	ADJA	niedlich
niedrige	ADJA	niedrig
niedrigerstehenden	ADJA	niedrigerstehend
noblen	ADJA	nobel
nordische	ADJA	nordisch
nordischer	ADJA	nordisch
normale	ADJA	normal
normale	ADJA	normal
normalen	ADJA	normal
normalen	ADJA	normal
normaler	ADJA	normal
normaler	ADJA	normal
norwegischer	ADJA	norwegisch
NS-konformere	ADJA	NS-konform
nüchterne	ADJA	nüchtern
nüchternen	ADJA	nüchtern
nüchterner	ADJA	nüchtern
nunmehrige	ADJA	nunmehrig
oberflächlichen	ADJA	oberflächlich
oberster	ADJA	ober
objektiver	ADJA	objektiv
obszöne	ADJA	obszön
Offizielle	ADJA	offiziell
offizieller	ADJA	offiziell
ohnmächtige	ADJA	ohnmächtig
olle	ADJA	alt
ollen	ADJA	alt
ooch	ADJA	DISCARD
opferbereite	ADJA	opferbereit
opferfreudigen	ADJA	opferfreudig
opfernden	ADJA	opfernd
ordentliche	ADJA	ordentlich
ordentlichen	ADJA	ordentlich
ordentlicher	ADJA	ordentlich
ordentlichste	ADJA	ordentlich
ordinäre	ADJA	ordinär
ordnungsliebenden	ADJA	ordnungsliebend
ordnungsliebender	ADJA	ordnungsliebend
ordnungssüchtigen	ADJA	ordnungssüchtig
organisierte	ADJA	organisiert
organisierten	ADJA	organisiert
Orgons	NN	DISCARD
orientierten	ADJA	orientiert
Orthodoxere	ADJA	orthodox
ostdeutsche	ADJA	ostdeutsch
ostdeutschen	ADJA	ostdeutsch
österreichischen	ADJA	österreichisch
ostpreußischen	ADJA	ostpreußisch
pädophile	ADJA	pädophil
patriotischen	ADJA	patriotisch
peinigenden	ADJA	peinigend
perfekte	ADJA	perfekt
pflichtbewußte	ADJA	pflichtbewusst
pflichttreuer	ADJA	pflichttreu
philosophischen	ADJA	philosophisch
phönikischen	ADJA	phönikisch
Pidas	NE	DISCARD
Pillenreuter	NN	DISCARD
plaudernden	ADJA	plaudernd
plumpe	ADJA	plump
plumpen	ADJA	plump
politischen	ADJA	politisch
politisierende	ADJA	politisierend
polnische	ADJA	polnisch
potenten	ADJA	potent
prächtige	ADJA	prächtig
prächtigen	ADJA	prächtig
prächtiger	ADJA	prächtig
prachtvolle	ADJA	prachtvoll
praktische	ADJA	praktisch
praktische	ADJA	praktisch
preußischer	ADJA	preußisch
primitive	ADJA	primitiv
primitiven	ADJA	primitiv
private	ADJA	privat
Private	NN	privat
privilegierte	ADJA	privilegiert
privilegierten	ADJA	privilegiert
problematische	ADJA	problematisch
proletar	ADJA	proletar
proletarische	ADJA	proletarisch
proletarischen	ADJA	proletarisch
prominenten	ADJA	prominent
prominentesten	ADJA	prominent
proportionierter	ADJA	proportioniert
PRRSV	NN	DISCARD
qualifizierten	ADJA	qualifiziert
qualifizierter	ADJA	qualifiziert
quirlige	ADJA	quirlig
rachsüchtigen	ADJA	rachsüchtig
radfahrende	ADJA	radfahrend
raffinierten	ADJA	raffiniert
rangierenden	ADJA	rangierend
ränkevolle	ADJA	ränkevoll
rascher	ADJA	rasch
rassig-schönen	ADJA	rassig-schön
Rätselhafte	ADJA	rätselhaft
rätselhaften	ADJA	rätselhaft
rätselhaften	ADJA	rätselhaft
raublustige	ADJA	raublustig
raufenden	ADJA	raufend
rauhen	ADJA	rauh
rechte	ADJA	recht|rechts
rechte	ADJA	recht|rechts
rechten	ADJA	recht|rechts
rechter	ADJA	recht
rechthaberische	ADJA	rechthaberisch
rechtliche	ADJA	rechtlich
rechtlosen	ADJA	rechtlos
rechtmäßigen	ADJA	rechtmäßig
rechtschaffene	ADJA	rechtschaffen
rechtschaffenen	ADJA	rechtschaffen
rechtschaffener	ADJA	rechtschaffen
rechtsradikalen	ADJA	rechtsradikal
redlichen	ADJA	redlich
redlicher	ADJA	redlich
redselige	ADJA	redselig
redseligen	ADJA	redselig
regierungstreue	ADJA	regierungstreu
reiche	ADJA	reich
reiche	ADJA	reich
reichen	ADJA	reich
reichere	ADJA	reich
reichgekleideten	ADJA	reichgekleidet
Reichstagsabgeordnete	NN	DISCARD
Reichstagsabgeordneten	NN	DISCARD
reichste	ADJA	reich
reichste	ADJA	reich
reichsten	ADJA	reich
reichsten	ADJA	reich
reichster	ADJA	reich
reife	ADJA	reif
reife	ADJA	reif
reifen	ADJA	reif
reifer	ADJA	reif
reiferen	ADJA	reif
reine	ADJA	rein
reinemachenden	ADJA	reinemachend
reinen	ADJA	rein
reinen	ADJA	rein
reiner	ADJA	rein
reinste	ADJA	rein
reisende	ADJA	reisend
reisenden	ADJA	reisend
reizende	ADJA	reizend
reizenden	ADJA	reizend
reizlosen	ADJA	reizlos
reizvolle	ADJA	reizvoll
renitenten	ADJA	renitent
repräsentativen	ADJA	repräsentativ
repräsentativer	ADJA	repräsentativ
republikanischen	ADJA	republikanisch
republikanischer	ADJA	republikanisch
resolute	ADJA	resolut
resoluten	ADJA	resolut
richtige	ADJA	richtig
richtige	ADJA	richtig
richtigen	ADJA	richtig
richtigen	ADJA	richtig
richtiger	ADJA	richtig
riesenhaften	ADJA	riesenhaft
riesige	ADJA	riesig
riesigen	ADJA	riesig
ringende	ADJA	ringend
ringenden	ADJA	ringend
ringenden	ADJA	ringend
ritterliche	ADJA	ritterlich
ritterlichen	ADJA	ritterlich
ritterlicher	ADJA	ritterlich
rittermäßige	ADJA	rittermäßig
robuste	ADJA	robust
robusten	ADJA	robust
robusten	ADJA	robust
robuster	ADJA	robust
roher	ADJA	roh
romanische	ADJA	romanisch
römische	ADJA	römisch
rosige	ADJA	rosig
rosigen	ADJA	rosig
rotblonde	ADJA	rotblond
rote	ADJA	rot
roten	ADJA	rot
roten	ADJA	rot
rothaarige	ADJA	rothaarig
rothaarigen	ADJA	rothaarig
rothaariger	ADJA	rothaariger
rückender	ADJA	rückend
ruhige	ADJA	ruhig
ruhigen	ADJA	ruhig
ruhiger	ADJA	ruhig
ruhigste	ADJA	ruhig
ruhigsten	ADJA	ruhig
ruhmsüchtigen	ADJA	ruhmsüchtig
rührige	ADJA	rührig
ruinierten	ADJA	ruiniert
ruinierter	ADJA	ruiniert
runde	ADJA	rund
runde	ADJA	rund
rundliche	ADJA	rundlich
rundlicher	ADJA	rundlich
rundschädeligen	ADJA	rundschädelig
rundwüchsigkreismütigen	ADJA	rundwüchsigkreismütig
russ.	ADJA	russisch
russischen	ADJA	russisch
russischer	ADJA	russisch
rüstige	ADJA	rüstig
rüstigen	ADJA	rüstig
rustikale	ADJA	rustikal
sachkundigen	ADJA	sachkundig
sachkundigsten	ADJA	sachkundig
sachorientierter	ADJA	sachorientiert
sächsischen	ADJA	sächsisch
salbungsvoller	ADJA	salbungsvoll
sämtlicher	PIAT	DISCARD
sanfte	ADJA	sanft
sanften	ADJA	sanft
sanftmütigeren	ADJA	sanftmütig
sarkastische	ADJA	sarkastisch
saubere	ADJA	sauber
saubre	ADJA	sauber
schäbigen	ADJA	schäbig
schaffende	ADJA	schaffend
schaffende	ADJA	schaffend
scharmante	ADJA	charmant
schattenhafte	ADJA	schattenhaft
scheene	ADJA	schön
scheltenden	ADJA	scheltend
schenkende	ADJA	schenkend
schicke	ADJA	schick
schicker	ADJA	schick
schiebende	ADJA	schiebend
Schiffers	NN	DISCARD
schlafende	ADJA	schlafend
schlafenden	ADJA	schlafend
schlafenden	ADJA	schlafend
schlaflose	ADJA	schlaflos
schlagende	ADJA	schlagend
schlampige	ADJA	schlampig
schlanke	ADJA	schlank
schlanke	ADJA	schlank
schlanken	ADJA	schlank
schlanken	ADJA	schlank
schlanker	ADJA	schlank
schlankeren	ADJA	schlank
schlankwüchsig-spaltsinnige	ADJA	schlankwüchsig-spaltsinnig
schlappschwänziger	ADJA	schlappschwänzig
Schlechte	NN	schlecht
schlechter	ADJA	schlecht
schlenkriger	ADJA	schlenkrig
schleswig-holsteinischen	ADJA	schleswig-holsteinisch
schlichte	ADJA	schlicht
schlichten	ADJA	schlicht
schlichten	ADJA	schlicht
schlichter	ADJA	schlicht
schlimme	ADJA	schlimm
schlimmeren	ADJA	schlimm
schlohweißer	ADJA	schlohweiß
schlottriger	ADJA	schlottrig
schluchzende	ADJA	schluchzend
schmächtige	ADJA	schmächtig
schmächtige	ADJA	schmächtig
schmächtiger	ADJA	schmächtig
schmalbrüstige	ADJA	schmalbrüstig
schmale	ADJA	schmal
schmale	ADJA	schmal
schmalgesichtige	ADJA	schmalgesichtig
schmallippige	ADJA	schmallippig
schmerzerfüllte	ADJA	schmerzerfüllt
Schmiedes	NN	DISCARD
schmucküberladene	ADJA	schmucküberladen
schnauzenden	ADJA	schnauzend
schneeweißer	ADJA	schneeweißer
schneidiger	ADJA	schneidig
schnelle	ADJA	schnell
schnelle	ADJA	schnell
schnellen	ADJA	schnell
schnurrbärtigen	ADJA	schnurrbärtig
schöne	ADJA	schön
schöne	ADJA	schön
Schöne	NN	schön
schönen	ADJA	schön
schönen	ADJA	schön
schöner	ADJA	schön
schöner	ADJA	schön
schöngeistige	ADJA	schöngeistig
schöngewandete	ADJA	schöngewandet
schönste	ADJA	schön
schönsten	ADJA	schön
schönsten	ADJA	schön
schottische	ADJA	schottisch
schrecklichen	ADJA	schrecklich
schrecklicher	ADJA	schrecklich
schreibende	ADJA	schreibend
schreibende	ADJA	schreibend
schreibenden	ADJA	schreibend
schreiende	ADJA	schreiend
schreienden	ADJA	schreiend
schreitende	ADJA	schreitend
schriftstellernden	ADJA	schriftstellernd
schüchterne	ADJA	schüchtern
schüchternen	ADJA	schüchtern
schüchterner	ADJA	schüchtern
schuldlose	ADJA	schuldlos
schüttelnden	ADJA	schüttelnd
schutzbedürftige	ADJA	schutzbedürftig
schutzlose	ADJA	schutzlos
schwache	ADJA	schwach
schwachen	ADJA	schwach
schwacher	ADJA	schwach
schwächere	ADJA	schwach
schwächliche	ADJA	schwächlich
schwächlichen	ADJA	schwächlich
schwangere	ADJA	schwanger
Schwangere	NN	schwanger
schwangeren	ADJA	schwanger
schwangerer	ADJA	schwanger
schwankenden	ADJA	schwankend
schwärmerischen	ADJA	schwärmerisch
schwarzäugige	ADJA	schwarzäugig
schwarzbraunen	ADJA	schwarzbraun
schwarze	ADJA	schwarz
schwarze	ADJA	schwarz
Schwarzem	NN	schwarz
schwarzen	ADJA	schwarz
schwarzen	ADJA	schwarz
Schwarzen	NN	schwarz
Schwarzer	ADJA	schwarz
schwarzer	ADJA	schwarz
schwarzgekleidete	ADJA	schwarzgekleidet
Schwarzgekleidete	NN	schwarzgekleidet
schwarzhaarige	ADJA	schwarzhaarig
schwarzhaarigen	ADJA	schwarzhaarig
schwarzhaariger	ADJA	schwarzhaarig
schwärzlichen	ADJA	schwärzlich
schwarzverhüllte	ADJA	schwarzverhüllt
schwatzende	ADJA	schwatzend
schwatzhafte	ADJA	schwatzhaft
schwedischen	ADJA	schwedisch
schweigenden	ADJA	schweigend
schweigsame	ADJA	schweigsam
Schweigsame	NN	schweigsam
schweigsamen	ADJA	schweigsam
Schweigsamen	NN	schweigsam
schweigsamer	ADJA	schweigsam
Schweizer	NN	Schweizer
schwerbewaffneter	ADJA	schwerbewaffnet
schwere	ADJA	schwer
schweren	ADJA	schwer
schweren	ADJA	schwer
schwerer	ADJA	schwer
schwerfälligen	ADJA	schwerfällig
schwerkranke	ADJA	schwerkrank
schwerkranken	ADJA	schwerkrank
schwerkranken	ADJA	schwerkrank
schwerkranker	ADJA	schwerkrank
schwerleidende	ADJA	schwerleidend
schwerreichen	VVFIN	schwerreich
schwerterprobten	ADJA	schwerterprobt
schwerverletzte	ADJA	schwerverletzt
schwerverwundeten	ADJA	schwerverwundet
schwindsüchtige	ADJA	schwindsüchtig
schwindsüchtigen	ADJA	schwindsüchtig
sechsundachtzigjährige	ADJA	n-jährig
sechzigjährige	ADJA	n-jährig
sechzigjähriger	ADJA	n-jährig
seebefohrnen	ADJA	seebefohren
seelenkundigen	ADJA	seelenkundig
seelenlosen	ADJA	seelenlos
seelenvolle	ADJA	seelenvoll
segnenden	ADJA	segnend
sehnige	ADJA	sehnig
sehnigen	ADJA	sehnig
sehniger	ADJA	sehnig
seidenen	ADJA	seiden
seiner	PPOSAT	DISCARD
selbe	PDAT	selb
selben	PDAT	selb
selbständige	ADJA	selbständig
selbständige	ADJA	selbständig
selbständigen	ADJA	selbständig
selbständigen	ADJA	selbständig
selbständiger	ADJA	selbständig
selbständiger	ADJA	selbständig
selbstbewußte	ADJA	selbstbewusst
selbstbewußte	ADJA	selbstbewusst
selbstbewußten	ADJA	selbstbewusst
selbstbewußter	ADJA	selbstbewusst
selbstbewußter	ADJA	selbstbewusst
selbstherrlicher	ADJA	selbstherrlich
seligen	ADJA	selig
seltene	ADJA	selten
seltenen	ADJA	selten
seltenen	ADJA	selten
seltsame	ADJA	seltsam
seltsame	ADJA	seltsam
seltsamen	ADJA	seltsam
seltsamen	ADJA	seltsam
seltsamer	ADJA	seltsam
Seltsamer	NN	seltsam
sentimentale	ADJA	sentimental
sentimentalen	ADJA	sentimental
seßhafte	ADJA	sesshaft
seufzender	ADJA	seufzend
sichere	ADJA	sicher
sicheren	ADJA	sicher
sicherheitstrunkene	ADJA	sicherheitstrunken
sichtbaren	ADJA	sichtbar
siebzigjährige	ADJA	n-jährig
siebzigjährigen	ADJA	n-jährig
siebzigjähriger	ADJA	n-jährig
sieghafte	ADJA	sieghaft
Singende	NN	singend
sinnenden	ADJA	sinnend
sittenreinen	ADJA	sittenrein
sittenstrengen	ADJA	sittenstreng
Sittsame	ADJA	sittsam
sittsame	ADJA	sittsam
sitzende	ADJA	sitzend
sitzende	ADJA	sitzend
sitzenden	ADJA	sitzend
sitzenden	ADJA	sitzend
skibegeisterten	ADJA	skibegeistert
sogenannte	ADJA	sogenannt
sogenannte	ADJA	sogenannt
sogenannten	ADJA	sogenannt
sogenannten	ADJA	sogenannt
soliden	ADJA	solide
sommersprossigen	ADJA	sommersprossig
sonderbare	ADJA	sonderbar
Sonnengebräunte	ADJA	sonnengebräunt
sonnenverbrannte	ADJA	sonnenverbrannt
sonstigen	ADJA	sonstig
sorgenbeladenen	ADJA	sorgenbeladen
sorgende	ADJA	sorgend
sorgenden	ADJA	sorgend
sorgenernsten	ADJA	sorgenernst
souveränen	ADJA	souverän
sowjetischen	ADJA	sowjetisch
sozialdemokratische	ADJA	sozialdemokratisch
sozialdemokratischen	ADJA	sozialdemokratisch
Soziales	NN	sozial
sozialversicherte	ADJA	sozialversichert
spaltsinnigen	ADJA	spaltsinnig
spaltsinniger	ADJA	spaltsinnig
span.	ADJA	spanisch
spanischen	ADJA	spanisch
sparsame	ADJA	sparsam
spartanische	ADJA	spartanisch
spartanischen	ADJA	spartanisch
spätere	ADJA	spät
späteren	ADJA	spät
späterer	ADJA	spät
späterer	ADJA	spät
spielnder	ADJA	spielend
spinnende	ADJA	spinnend
sportgewandter	ADJA	sportgewandt
sportgewohnten	ADJA	sportgewohnt
sportliche	ADJA	sportlich
sportliche	ADJA	sportlich
sporttreibenden	ADJA	sporttreibend
spottbereite	ADJA	spottbereit
spottfreudige	ADJA	spottfreudig
sprechenden	ADJA	sprechend
Staatesundseine	NN	DISCARD
staatserhaltenden	ADJA	staatserhaltend
stadtbekannter	ADJA	stadtbekannt
städtischer	ADJA	städtisch
stakende	ADJA	stakend
stammende	ADJA	stammend
stammenden	ADJA	stammend
stämmige	ADJA	stämmig
stämmigen	ADJA	stämmig
stämmiger	ADJA	stämmig
stammverwandten	ADJA	stammverwandt
standhafte	ADJA	standhaft
standhafter	ADJA	standhaft
starke	ADJA	stark
starke	ADJA	stark
Starke	NN	stark
starken	ADJA	stark
starken	ADJA	stark
Starken	NN	stark
starker	ADJA	stark
starkgebauten	ADJA	starkgebaut
stärkste	ADJA	stark
stärksten	ADJA	stark
stärksten	ADJA	stark
stattliche	ADJA	stattlich
stattliche	ADJA	stattlich
stattlichen	ADJA	stattlich
Stattlicher	ADJA	stattlich
stattlicher	ADJA	stattlich
stehende	ADJA	stehend
stehende	ADJA	stehend
stehenden	ADJA	stehend
stehenden	ADJA	stehend
Stehender	NN	stehend
steife	ADJA	steif
steinreichen	ADJA	steinreich
steinreicher	ADJA	steinreich
sterbende	ADJA	sterbend
sterbenden	ADJA	sterbend
sterbender	ADJA	sterbend
sterblichen	ADJA	sterblich
sterblichen	ADJA	sterblich
sterilen	ADJA	steril
stiernackigen	ADJA	stiernackig
stilisierte	ADJA	stilisiert
stille	ADJA	still
stille	ADJA	still
stillen	ADJA	still
stillen	ADJA	still
stillenden	ADJA	stillend
stiller	ADJA	still
stimmbegabte	ADJA	stimmbegabt
stimmende	ADJA	stimmend
stolze	ADJA	stolz
stolzen	ADJA	stolz
stolzer	ADJA	stolz
stolzeren	ADJA	stolz
strahlenden	ADJA	strahlend
strebenden	ADJA	strebend
strebsamen	ADJA	strebsam
strebsamer	ADJA	strebsam
streitbaren	ADJA	streitbar
streitsüchtige	ADJA	streitsüchtig
streitsüchtigen	ADJA	streitsüchtig
streng-kirchlicher	ADJA	streng-kirchlich
strenge	ADJA	streng
strenge	ADJA	streng
Strenge	NN	streng
strengen	ADJA	streng
Strengen	NN	streng
strenger	ADJA	streng
strickende	ADJA	strickend
strickenden	ADJA	strickend
studierende	ADJA	studierend
studierenden	ADJA	studierend
studierte	ADJA	studiert
studierter	ADJA	studierter
studierter	ADJA	studierter
stumme	ADJA	stumm
stummen	ADJA	stumm
stumpfer	ADJA	stumpf
stürzender	ADJA	stürzend
stützenden	ADJA	stützend
suchenden	ADJA	suchend
süddeutsche	ADJA	süddeutsch
Südtiroler	NN	Südtiroler
süßesten	ADJD	süß
sympathischen	ADJA	sympathisch
sympathischen	ADJA	sympathisch
tabakrauchenden	ADJA	tabakrauchend
tadellosen	ADJA	tadellos
tahitischen	ADJA	tahitisch
taktvolle	ADJA	taktvoll
talentvollen	ADJA	talentvoll
tanzenden	ADJA	tanzend
tanzenden	ADJA	tanzend
tanzkundiger	ADJA	tanzkundig
tapfere	ADJA	tapfer
tapfere	ADJA	tapfer
Tapfere	NN	tapfer
tapferen	ADJA	tapfer
tapferen	ADJA	tapfer
tapferer	ADJA	tapfer
tätige	ADJA	tätig
tätigen	ADJA	tätig
tätigen	ADJA	tätig
tätiger	ADJA	tätig
tatkräftige	ADJA	tatkräftig
Tatkräftige	NN	tatkräftig
tatkräftigen	ADJA	tatkräftig
tausende	ADJA	DISCARD
tausendste	ADJA	tausendst
teilnahmslosen	ADJA	teilnahmslos
teilnehmenden	ADJA	teilnehmend
teilnehmenden	ADJA	teilnehmend
teilnehmender	ADJA	teilnehmend
teilzeitbeschäftigten	ADJA	teilzeitbeschäftigt
temperamentgeladener	ADJA	temperamentgeladen
Temperamentvolle	NN	temperamentvoll
temperamentvoller	ADJA	temperamentvoll
temperamentvollere	ADJA	temperamentvoll
teuren	ADJA	teuer
thatkräftigen	ADJA	tatkräftig
Tidenküllsche	NN	DISCARD
tiefbrünetten	NN	tiefbrünett
tiefgläubiger	ADJA	tiefgläubig
tiefsinnigen	ADJA	tiefsinnig
tierliebenden	ADJA	tierliebend
tobenden	ADJA	tobend
todesmutige	ADJA	todesmutig
todkranken	ADJA	todkrank
tolle	ADJA	toll
tollen	ADJA	toll
Tollkühne	NE	tollkühn
törichte	ADJA	töricht
törichten	ADJA	töricht
tote	ADJA	tot
tote	ADJA	tot
toten	ADJA	tot
toten	ADJA	tot
toter	ADJA	tot
trachtender	ADJA	trachtend
tragischen	ADJA	tragisch
trauernde	ADJA	trauernd
trauernden	ADJA	trauernd
träumende	ADJA	träumend
träumerische	ADJA	träumerisch
träumeschenkende	ADJA	träumeschenkend
traurige	ADJA	traurig
traurigen	ADJA	traurig
trauriger	ADJA	traurig
treffliche	ADJA	trefflich
treffliche	ADJA	trefflich
trefflichen	ADJA	trefflich
trefflichen	ADJA	trefflich
treue	ADJA	treu
treue	ADJA	treu
treuen	ADJA	treu
treuen	ADJA	treu
treulosen	ADJA	treulos
Trimalchios	NE	DISCARD
trinkenden	ADJA	trinkend
tripperkranker	NN	tripperkrank
trostlose	ADJA	trostlos
trunkenen	ADJA	trunken
trutzige	ADJA	trotzig
tüchtige	ADJA	tüchtig
tüchtige	ADJA	tüchtig
tüchtigen	ADJA	tüchtig
tüchtigen	ADJA	tüchtig
tüchtiger	ADJA	tüchtig
tüchtigsten	ADJA	tüchtig
tugendhafte	ADJA	tugendhaft
Tugendhafte	NN	tugendhaft
tugendhafter	ADJA	tugendhaft
türkischen	ADJA	türkisch
typische	ADJA	typisch
u.a.	ADV	DISCARD
übelbeleumdeter	ADJA	übelbeleumdet
übelwollenden	ADJA	übelwollend
übenden	ADJA	übend
überarbeiteter	ADJA	überarbeitet
überdauernder	ADJA	überdauernd
überfressenen	ADJA	überfressen
übergangenen	ADJA	übergangen
überlegenden	ADJA	überlegend
überlegene	ADJA	überlegen
überlegenen	ADJA	überlegen
überlegener	ADJA	überlegen
überlegten	ADJA	überlegt
übermüdete	ADJA	übermüdet
überragende	ADJA	überragend
überragenden	ADJA	überragend
überragendste	ADJA	überragend
überraschten	ADJA	überrascht
überraschten	ADJA	überrascht
überreizten	ADJA	überreizt
überständiger	ADJA	überständig
überzeugungstreuer	ADJA	überzeugungstreu
übrigen	ADJA	übrig
umgänglichen	ADJA	umgänglich
umgefallener	ADJA	umgefallen
umgekommenen	ADJA	umgekommen
umhergeworfenen	ADJA	umhergeworfen
umherirrende	ADJA	umherirrend
umherirrenden	ADJA	umherirrend
umquartierten	ADJA	umquartiert
umständlicher	ADJA	umständlich
umwickelter	ADJA	umwickelt
unabhängige	ADJA	unabhängig
unabhängigen	ADJA	unabhängig
unabhängigen	ADJA	unabhängig
unabhängiger	ADJA	unabhängig
unaufrichtigen	ADJA	unaufrichtig
unausgebildeten	ADJA	unausgebildet
unbedarfte	ADJA	unbedarft
unbedenklicher	ADJA	unbedenklich
unbedeutende	ADJA	unbedeutend
Unbedeutende	NN	unbedeutend
unbedeutenden	ADJA	unbedeutend
unbedeutender	ADJA	unbedeutend
unbedeutender	ADJA	unbedeutend
unbefangene	ADJA	unbefangen
unbefriedigten	ADJA	unbefriedigt
unbekannte	ADJA	unbekannt
unbekannte	ADJA	unbekannt
unbekannten	ADJA	unbekannt
unbekannten	ADJA	unbekannt
unbekannter	ADJA	unbekannt
unbelasteten	ADJA	unbelastet
unbeliebteste	ADJA	unbeliebt
unbequemen	ADJA	unbequem
unbequemer	ADJA	unbequem
unberührte	ADJA	unberührt
unberührten	ADJA	unberührt
unbescholtene	ADJA	unbescholten
unbescholtener	ADJA	unbescholten
unbeschwerter	ADJA	unbeschwert
unbestechlicher	ADJA	unbestechlich
unbeteiligten	ADJA	unbeteiligt
unbeugsamen	ADJA	unbeugsam
unehrenhaften	ADJA	unehrenhaft
unelastischen	ADJA	unelastisch
unentbehrlichen	ADJA	unentbehrlich
unerfahrenen	ADJA	unerfahren
unermüdlichen	ADJA	unermüdlich
unerschrockene	ADJA	unerschrocken
unerschütterlichen	ADJA	unerschütterlich
unerschütterlicher	ADJA	unerschütterlich
unersetzbarer	ADJA	unersetzbar
unfähigen	ADJA	unfähig
unfähiger	ADJA	unfähig
unfeministische	ADJA	unfeministisch
unfreundlichen	ADJA	unfreundlich
ungarische	ADJA	ungarisch
ungarischen	ADJA	ungarisch
ungebildete	ADJA	ungebildet
ungebildeter	ADJA	ungebildet
ungedienter	ADJA	ungedient
ungehorsame	ADJA	ungehorsam
ungelehrter	ADJA	ungelehrt
ungeliebte	ADJA	ungeliebt
ungeliebten	ADJA	ungeliebt
ungeliebter	ADJA	ungeliebt
Ungenutzte	NN	ungenutzt
ungeschickte	ADJA	ungeschickt
ungeschlachte	ADJA	ungeschlacht
ungeschlachter	ADJA	ungeschlacht
ungetreuen	ADJA	ungetreu
ungewöhnliche	ADJA	ungewöhnlich
ungewöhnlichen	ADJA	ungewöhnlich
ungewöhnlicher	ADJA	ungewöhnlich
unglückliche	ADJA	unglücklich
unglückliche	ADJA	unglücklich
unglücklichen	ADJA	unglücklich
unglücklichen	ADJA	unglücklich
unglücklichste	ADJA	unglücklich
unheimliche	ADJA	unheimlich
unheimlichen	ADJA	unheimlich
unhübsche	ADJA	unhübsch
uniformierte	ADJA	uniformiert
Uniformierte	NN	uniformiert
uniformierten	ADJA	uniformiert
uniformierter	ADJA	uniformiert
uninteressante	ADJA	uninteressant
unkatholische	ADJA	unkatholisch
unkomplizierte	ADJA	unkompliziert
unkonventionelle	ADJA	unkonventionell
unkundige	ADJA	unkundig
unkundiger	ADJA	unkundig
unmännliche	ADJA	unmännlich
unmännlicher	ADJA	unmännlich
unmenschlichen	ADJA	unmenschlich
unmilitärischen	ADJA	unmilitärisch
unmondänen	ADJA	unmondän
unmonogamen	ADJA	unmonogam
unparteiischer	ADJA	unparteiisch
unpassende	ADJA	unpassend
unproblematischen	ADJA	unproblematisch
unrepräsentative	ADJA	unrepräsentativ
unruhige	ADJA	unruhig
unscheinbare	ADJA	unscheinbar
unscheinbare	ADJA	unscheinbar
unscheinbarem	ADJA	unscheinbar
unscheinbaren	ADJA	unscheinbar
unscheinbarer	ADJA	unscheinbar
unschöner	ADJA	unschön
unschuldige	ADJA	unschuldig
unschuldigen	ADJA	unschuldig
unschuldigen	ADJA	unschuldig
unschuldiger	ADJA	unschuldig
unseliger	ADJA	unselig
unsolide	ADJA	unsolid
unsre	PPOSAT	DISCARD
unsre	PPOSAT	DISCARD
Unsterbliche	NN	unsterblich
unterbeschäftigter	ADJA	unterbeschäftigt
unterdrückte	VVFIN	unterdrückt
untergeordneten	ADJA	untergeordnet
unternehmende	ADJA	unternehmend
unternehmender	ADJA	unternehmend
unterrichteter	ADJA	unterrichteter
untersetzte	VVFIN	untersetzt
untersetzte	VVFIN	untersetzt
Untersetzter	ADJA	untersetzt
untersetzter	ADJA	untersetzt
unterstellten	ADJA	unterstellt
untersuchende	ADJA	untersuchend
unterworfene	ADJA	unterworfen
unterwürfiger	ADJA	unterwürfig
unterzeichneten	ADJA	unterzeichnet
untreue	ADJA	untreu
untüchtige	ADJA	untüchtig
unvergeßlicher	ADJA	unvergesslich
unvergleichliche	ADJA	unvergleichlich
unverheiratete	ADJA	unverheiratet
Unverheiratete	NN	unverheiratet
unverheirateten	ADJA	unverheiratet
unverheirateten	ADJA	unverheiratet
unverheirateter	ADJA	unverheiratet
unversorgten	ADJA	unversorgt
unverstörter	ADJA	unverstört
unzählige	ADJA	unzählig
unzählige	ADJA	unzählig
unzähligen	ADJA	unzählig
unzähligen	ADJA	unzählig
unzähliger	ADJA	unzählig
üppige	ADJA	üppig
uralte	ADJA	uralt
uralten	ADJA	uralt
uralter	ADJA	uralt
ursprüngliche	ADJA	ursprünglich
urteilenden	ADJA	urteilend
usbek	NE	DISCARD
v.w.	NN	DISCARD
vaninftige	ADJA	vernünftig
vaterländische	ADJA	vaterländisch
vaterländischer	ADJA	vaterländisch
vaterlandsliebender	ADJA	vaterlandsliebend
verabredete	ADJA	verabredet
verächtlichen	ADJA	verächtlich
veränderte	ADJA	verändert
verängstigte	VVFIN	verängstigt
veranlagte	ADJA	veranlagt
veranlagter	ADJA	veranlagter
verantwortliche	ADJA	verantwortlich
verantwortliche	ADJA	verantwortlich
verantwortlichen	ADJA	verantwortlich
verantwortlicher	ADJA	verantwortlich
verantwortungsbewußten	ADJA	verantwortungsbewusst
verärgerten	ADJA	verärgert
verbergende	ADJA	verbergend
verbitterte	ADJA	verbittert
verblendete	ADJA	verblendet
verblendeten	ADJA	verblendet
verborgenen	ADJA	verborgen
Verbraucherrechte	NN	DISCARD
verbrauchter	ADJA	verbraucht
verdächtige	ADJA	verdächtig
verdächtigen	ADJA	verdächtig
verdammenswerter	ADJA	verdammenswert
verderbter	ADJA	verderbt
verdienende	ADJA	verdienend
verdienender	ADJA	verdienender
verdienstvollen	ADJA	verdienstvoll
verdienstvoller	ADJA	verdienstvoller
Verdiente	NN	verdient
verdienten	ADJA	verdient
verdienter	ADJA	verdient
verdorbene	ADJA	verdorben
verdutzte	ADJA	verdutzt
verehrte	ADJA	verehrt
Verehrte	NN	verehrt
verehrten	ADJA	verehrt
verehrten	ADJA	verehrt
Verehrteste	NN	verehrt
verehrungswürdiger	ADJA	verehrungswürdiger
vereinsamten	ADJA	vereinsamt
verfügbare	ADJA	verfügbar
verführten	ADJA	verführt
vergessenen	ADJA	vergessen
vergeßnen	ADJA	vergessen
Vergewaltigte	NN	vergewaltigt
vergnügte	ADJA	vergnügt
vergötterten	ADJA	vergöttert
vergrämte	ADJA	vergrämt
verhafteten	VVFIN	verhaftet
verhäßlichten	ADJA	verhässlicht
verhaßten	ADJA	verhasst
verheiratete	ADJA	verheiratet
verheiratete	ADJA	verheiratet
Verheiratete	NN	verheiratet
verheirateten	ADJA	verheiratet
verheirateten	ADJA	verheiratet
verheirateter	ADJA	verheiratet
verheirateter	ADJA	verheiratet
verheirathete	ADJA	verheiratet
verheiratheten	NN	verheiratet
verheiratheten	NN	verheiratet
verhetzten	ADJA	verhetzt
verhüllten	ADJA	verhüllt
verhungerte	ADJA	verhungert
verhutzelten	ADJA	verhutzelt
verjüngten	ADJA	verjüngt
verkappte	ADJA	verkappt
verkappter	ADJA	verkappt
verklagter	ADJD	verklagt
verknurrten	ADJA	verknurrt
verkommene	ADJA	verkommen
verlassene	ADJA	verlassen
verlassenen	ADJA	verlassen
verlassener	ADJA	verlassener
verlassener	ADJA	verlassener
verläßlicher	ADJA	verlässlich
verlegener	ADJA	verlegen
verletzte	ADJA	verletzt
verliebter	ADJA	verliebt
verliebtesten	ADJA	verliebt
verlockende	ADJA	verlockend
verlorenen	ADJA	verloren
verlorener	ADJA	verloren
verlorner	ADJA	verloren
verlumpten	ADJA	verlumpt
vermißten	ADJA	vermißt
vermißten	ADJA	vermißt
vermögende	ADJA	vermögend
vermögenden	ADJA	vermögend
vermummte	ADJA	vermummt
vermummten	ADJA	vermummt
vernachlässigter	ADJA	vernachlässigt
vernünftige	ADJA	vernünftig
vernünftige	ADJA	vernünftig
vernünftigen	ADJA	vernünftig
vernünftigen	ADJA	vernünftig
vernünftiger	ADJA	vernünftig
vernünftigere	ADJA	vernünftig
verpaßte	ADJA	verpaßt
versammelten	ADJA	versammelt
Verschiedene	NN	DISCARD
verschiedene	ADJA	verschieden
verschiedenen	ADJA	verschieden
verschiedenen	ADJA	verschieden
verschiedener	ADJA	verschieden
verschiedensten	ADJA	verschieden
verschlossene	ADJA	verschlossen
verschrobenen	ADJA	verschroben
verschrumpelte	VVFIN	verschrumpelt
verschüchterte	ADJA	verschüchtert
verschwundene	ADJA	verschwunden
verschwundenen	ADJA	verschwunden
versehene	ADJA	versehen
versehenen	ADJA	versehen
versessenen	ADJA	versessen
versoffener	ADJA	versoffen
verstandenen	ADJA	verstanden
verständige	ADJA	verständig
verständiger	ADJA	verständig
verständnislosen	ADJA	verständnislos
verständnisvolle	ADJA	verständnisvoll
versteckten	ADJA	versteckt
versteckten	VVFIN	versteckt
verstehende	ADJA	verstehend
verstimmten	ADJA	verstimmt
verstorbene	ADJA	verstorben
verstorbenen	ADJA	verstorben
verstorbenen	ADJA	verstorben
verstorbener	ADJA	verstorben
verstörter	ADJA	verstört
versuchten	ADJA	versucht
versunkene	ADJA	versunken
vertiefte	ADJA	vertieft
vertrauenerweckender	ADJA	vertrauenerweckend
vertrauensseligen	ADJA	vertrauensselig
vertrauenswürdiger	ADJA	vertrauenswürdig
vertrauenswürdiger	ADJA	vertrauenswürdig
vertrauten	ADJA	vertraut
verunglückten	ADJA	verunglückt
verunglückten	ADJA	verunglückt
verurteilte	VVFIN	verurteilt
verurteilten	ADJA	verurteilt
verurteilten	ADJA	verurteilt
verwachsener	ADJA	verwachsen
verwahrloste	ADJA	verwahrlost
verwaltungserfahrener	ADJA	verwaltungserfahren
verwegener	ADJA	verwegen
verwickelten	ADJA	verwickelt
verwirrenden	ADJA	verwirrend
verwirrter	ADJA	verwirrt
verwirrter	ADJA	verwirrt
verwitwete	ADJA	verwitwet
verwitweten	ADJA	verwitwet
verwöhnten	ADJA	verwöhnt
verwundete	ADJA	verwundet
verwundeten	ADJA	verwundet
verwundeten	ADJA	verwundet
verzweifelnde	ADJA	verzweifelnd
verzweifelten	ADJA	verzweifelt
vielbeschäftigte	ADJA	vielbeschäftigt
vielbeschäftigter	ADJA	vielbeschäftigt
vielgenannten	ADJA	vielgenannt
vielgeplagten	ADJA	vielgeplagt
vielgeplater	ADJA	vielgeplant
vielgereiste	ADJA	vielgereist
vielhundert	ADJA	vielhundert
vielseitige	ADJA	vielseitig
vielseitigen	ADJA	vielseitig
vielseitiger	ADJA	vielseitig
vierschrötiger	ADJA	vierschrötig
vierte	ADJA	viert
vierte	ADJA	viert
vierten	ADJA	viert
vierten	ADJA	viert
vierundachtzigjähriger	ADJA	n-jährig
vierunddreißigjährige	ADJA	n-jährig
vierundfünfzigjährige	ADJA	n-jährig
vierundvierzigjährigen	ADJA	n-jährig
vierzigjährigen	ADJA	n-jährig
vierzigjähriger	ADJA	n-jährig
vietnamesischen	ADJA	vietnamesisch
vollendete	ADJA	vollendet
vollkommenen	ADJA	vollkommen
vollkräftigen	ADJA	vollkräftig
vollschlanke	ADJA	vollschlank
vollwertigen	ADJA	vollwertig
vorbeigleitenden	ADJA	vorbeigleitend
vorbestimmten	ADJA	vorbestimmt
vorbestraften	ADJA	vorbestraft
vorbestrafter	ADJA	vorbestraft
vorbildlichen	ADJA	vorbildlich
vorderste	ADJA	vorder
vorgelassenen	ADJA	vorgelassen
vorgestellten	ADJA	vorgestellt
vorhergehenden	ADJA	vorhergehend
vorigen	ADJA	vorig
vornehme	ADJA	vornehm
vornehme	ADJA	vornehm
vornehmen	ADJA	vornehm
vornehmen	ADJA	vornehm
vornehmer	ADJA	vornehm
vorsichtige	ADJA	vorsichtig
vorsichtigen	ADJA	vorsichtig
vorsichtiger	ADJA	vorsichtig
Vorsitzende	NN	DISCARD
vorsitzenden	ADJA	vorsitzend
vortreffliche	ADJA	vortrefflich
vortrefflichen	ADJA	vortrefflich
vortrefflicher	ADJA	vortrefflich
vortrefflichste	ADJA	vortrefflich
vorurteilsabbauender	ADJA	vorurteilsabbauend
W.	APPR	DISCARD
wacher	ADJA	wach
wackere	ADJA	wacker
wackere	ADJA	wacker
wackeren	ADJA	wacker
wackerer	ADJA	wacker
waffenfähigen	ADJA	waffenfähig
waffenstarrenden	ADJA	waffenstarrend
wählenden	ADJA	wählend
wahnsinnige	ADJA	wahnsinnig
wahrhaften	ADJA	wahrhaft
wahrhaftigen	ADJA	wahrhaftig
wahrheitsliebenden	ADJA	wahrheitsliebend
wahrheitsliebender	ADJA	wahrheitsliebend
warmherzige	ADJA	warmherzig
warmherzige	ADJA	warmherzig
wartenden	ADJA	wartend
Wassermanns	NN	DISCARD
Webers	NN	DISCARD
weggejagte	ADJA	weggejagt
wehrfähigen	ADJA	wehrfähig
wehrhafte	ADJA	wehrhaft
wehrhaften	ADJA	wehrhaft
wehrlose	ADJA	wehrlos
wehrlose	ADJA	wehrlos
wehrlosen	ADJA	wehrlos
wehrloser	ADJA	wehrlos
wehrpflichtigen	ADJA	wehrpflichtig
weibische	ADJA	weibisch
weibischen	ADJA	weibisch
weibischer	ADJA	weibisch
weibliche	ADJA	weiblich
weiblichen	ADJA	weiblich
weiblichsten	ADJA	weiblich
weilende	ADJA	weilend
weinende	ADJA	weinend
weinenden	ADJA	weinend
weinenden	ADJA	weinend
weise	ADJA	weise
weisen	ADJA	weise
weisen	ADJA	weise
weiser	ADJA	weise
weiseste	ADJA	weise
weisesten	ADJA	weise
weisheitsvolle	ADJA	weisheitsvoll
weissagenden	ADJA	weissagend
Weißbeschürzte	ADJA	weißbeschürzt
weiße	ADJA	weiß
weiße	ADJA	weiß
Weiße	NN	weiß
weißen	ADJA	weiß
Weißen	ADJA	weiß
weißen	ADJA	weiß
Weißen	ADJA	weiß
weißer	ADJA	weiß
weißer	ADJA	weiß
Weißer	ADJA	weiß
weißgekleideten	ADJA	weißgekleidet
weißgelockten	ADJA	weißgelockt
weißhaarigen	ADJA	weißhaarig
weißhaarigen	ADJA	weißhaarig
weißhaariger	ADJA	weißhaariger
weitblickender	ADJA	weitblickend
weitem	ADJA	weit
weitere	ADJA	weit
weitere	ADJA	weit
weiteren	ADJA	weit
weitestblickenden	ADJA	weitestblickend
weitschreitende	ADJA	weitschreitend
welterfahrenen	ADJA	welterfahren
welterfahrener	ADJA	welterfahren
weltfremden	ADJA	weltfremd
weltschichtiger	ADJA	weltschichtig
weltungewandter	ADJA	weltungewandt
werdenden	ADJA	werdend
werktätige	ADJA	werktätig
werktätigen	ADJA	werktätig
werktätiger	ADJA	werktätig
werter	ADJA	wert
wertvolle	ADJA	wertvoll
wertvolle	ADJA	wertvoll
wertvollen	ADJA	wertvoll
westdeutschen	ADJA	westdeutsch
wettfiebernde	ADJA	wettfiebernd
Wichtige	NN	wichtig
wichtigen	ADJA	wichtig
wichtigste	ADJA	wichtig
wichtigsten	ADJA	wichtig
widerspenstigen	ADJA	widerspenstig
widerstandsloser	ADJA	widerstandslos
widerstrebende	ADJA	widerstrebend
Wiener	ADJA	Wiener
wildbärtige	ADJA	wildbärtig
wilde	ADJA	wild
wilden	ADJA	wild
wilden	ADJA	wild
Wilden	NN	wild
wilder	ADJA	wild
wildfremden	ADJA	wildfremd
wildfremder	ADJA	wildfremd
Willensstarke	ADJA	willensstark
willensstarken	ADJA	willensstark
winzige	ADJA	winzig
winziger	ADJA	winzig
wirkende	ADJA	wirkend
wirkende	ADJA	wirkend
wirkenden	ADJA	wirkend
wirkender	ADJA	wirkender
wirkliche	ADJA	wirklich
wirklichen	ADJA	wirklich
wirklichen	ADJA	wirklich
wirklicher	ADJA	wirklich
wirthschaftliche	ADJA	wirtschaftlich
wirtschaftende	ADJA	wirtschaftend
wischenden	ADJA	wischend
wissende	ADJA	wissend
wissenschaftliche	ADJA	wissenschaftlich
wissenschaftlichen	ADJA	wissenschaftlich
witzige	ADJA	witzig
witziger	ADJA	witzig
wohlbedächtigen	ADJA	wohlbedächtig
wohlbekannte	ADJA	wohlbekannt
wohlbeleibten	ADJA	wohlbeleibt
wohlerfahrener	ADJA	wohlerfahren
wohlerzogenen	ADJA	wohlerzogen
wohlerzogener	ADJA	wohlerzogen
wohlgelaunte	ADJA	wohlgelaunt
wohlgesinnten	ADJA	wohlgesinnt
wohlgestalten	ADJA	wohlgestaltet
wohlhabende	ADJA	wohlhabend
wohlhabende	ADJA	wohlhabend
Wohlhabende	NN	wohlhabend
wohlhabenden	ADJA	wohlhabend
wohlhabender	ADJA	wohlhabend
wohlsituierter	ADJA	wohlsituiert
wohltätige	ADJA	wohltätig
wohlverdienter	ADJA	wohlverdient
wohlwollenden	ADJA	wohlwollend
wohlwollender	ADJA	wohlwollend
wohnende	ADJA	wohnend
wohnenden	ADJA	wohnend
wohnhaften	ADJA	wohnhaft
wortkarge	ADJA	wortkarg
wortkargen	ADJA	wortkarg
wortreicher	ADJA	wortreich
wunderbare	ADJA	wunderbar
wunderbare	ADJA	wunderbar
wunderbaren	ADJA	wunderbar
wunderlichen	ADJA	wunderlich
wundersamen	ADJA	wundersam
wunderschöne	ADJA	wunderschön
wunderschöner	ADJA	wunderschön
wundervolle	ADJA	wundervoll
wundervollste	ADJA	wundervoll
würdevollen	ADJA	würdevoll
würdige	ADJA	würdig
Würdige	NN	würdig
würdiger	ADJA	würdig
würdigsten	ADJA	würdig
wuseligen	ADJA	wuselig
wüste	ADJA	wüst
wütige	ADJA	wütig
zähesten	ADJA	zäh
Zahllose	NN	DISCARD
zahllose	ADJA	zahllos
zahllosen	ADJA	zahllos
zahlloser	ADJA	zahllos
Zahlreiche	NN	DISCARD
zahlreiche	ADJA	zahlreich
zahlreiche	ADJA	zahlreich
zahlreichen	ADJA	zahlreich
zahlreichen	ADJA	zahlreich
zahlreicher	ADJA	zahlreicher
zahlreicher	ADJA	zahlreicher
zahme	ADJA	zahm
zahnloser	ADJA	zahnlos
zankenden	ADJA	zankend
zänkische	ADJA	zänkisch
zänkischen	ADJA	zänkisch
zänkischer	ADJA	zänkisch
zartbesaitete	ADJA	zartbesaitet
zarte	ADJA	zart
zarten	ADJA	zart
zehnte	ADJA	zehnt
zehnten	ADJA	zehnt
zerbrochenen	ADJA	zerbrochen
zerlumpte	ADJA	zerlumpt
zerlumpter	ADJA	zerlumpt
zerrissenen	ADJA	zerrissen
zerrütteten	VVFIN	zerrüttet
zerstreuter	ADJA	zerstreut
zerstückelten	ADJA	zerstückelt
zertrampelten	ADJA	zertrampelt
zierliche	ADJA	zierlich
zierliche	ADJA	zierlich
zierlichen	ADJA	zierlich
zitternder	ADJA	zitternder
zorngeröteter	ADJA	zorgerötet
zornig-eifersüchtigen	ADJA	zornig-eifersüchtig
zornige	ADJA	zornig
zornige	ADJA	zornig
zugehörige	ADJA	zugehörig
zugehörigen	ADJA	zugehörig
zugewandten	ADJA	zugewandt
zugreifender	ADJA	zugreifend
zukünftige	ADJA	zukünftig
zukünftigen	ADJA	zukünftig
zukünftigen	ADJA	zukünftig
zupackenden	ADJA	zupackend
zupackenden	ADJA	zupackend
zurückbleibenden	ADJA	zurückbleibend
zurückeroberte	ADJA	zurückerobert
zurückgezogene	ADJA	zurückgezogen
zurückhaltende	ADJA	zurückhaltend
zusammengebrochene	ADJA	zusammengebrochen
zusammengefallener	ADJA	zusammengefallen
zusammengespannter	ADJA	zusammengespannt
zuständige	ADJA	zuständig
zuständigen	ADJA	zuständig
zuverlässigen	ADJA	zuverlässig
zuverlässiger	ADJA	zuverlässig
zwanzigjährige	ADJA	n-jährig
zwanzigjährigen	ADJA	n-jährig
zwanzigjähriger	ADJA	n-jährig
zweier	ADJA	zweier
zweier	ADJA	zweier
zweifelhaften	ADJA	zweifelhaft
zweifelhafter	ADJA	zweifelhaft
zweimalhunderttausend	NN	DISCARD
zweite	ADJA	zweit
zweite	ADJA	zweit
zweiten	ADJA	zweit
zweiten	ADJA	zweit
zweiter	ADJA	zweit
zweiter	ADJA	zweit
zweitfeinste	ADJA	fein
zweitmächtigste	ADJA	zweitmächtig
zweitmächtigsten	ADJA	zweitmächtig
zweitmächtigster	ADJA	zweitmächtig
zweiundachtzigjährige	ADJA	n-jährig
zweiundvierzigjährigen	ADJA	n-jährig
